GEO.Id,GEO.Id2,CENSUS TRACTS,Total; Families,Percent below poverty level; Families,Total; families with children under 18 ,Percent below poverty level; families with children under 18 
1400000US36047000100,36047000100,1,894,1.7,338,4.4
1400000US36047000200,36047000200,2,262,22.1,178,32.6
1400000US36047000301,36047000301,3.01,808,0,337,0
1400000US36047000501,36047000501,5.01,775,8.5,355,18.6
1400000US36047000502,36047000502,5.02,540,6.9,175,10.3
1400000US36047000700,36047000700,7,847,0.6,432,1.2
1400000US36047000900,36047000900,9,897,1,358,2.5
1400000US36047001100,36047001100,11,136,4.4,0,0
1400000US36047001300,36047001300,13,374,0,117,0
1400000US36047001500,36047001500,15,888,25.2,416,38
1400000US36047001800,36047001800,18,0,0,0,0
1400000US36047002000,36047002000,20,294,11.9,217,16.1
1400000US36047002100,36047002100,21,925,0.8,583,0
1400000US36047002200,36047002200,22,1066,22.5,446,39.7
1400000US36047002300,36047002300,23,1098,44.4,551,64.6
1400000US36047002901,36047002901,29.01,803,60.5,497,80.3
1400000US36047003000,36047003000,30,517,5,223,8.5
1400000US36047003100,36047003100,31,322,0,115,0
1400000US36047003300,36047003300,33,411,19,155,21.9
1400000US36047003400,36047003400,34,808,9.5,387,11.1
1400000US36047003500,36047003500,35,363,3,151,0
1400000US36047003600,36047003600,36,1023,6.2,461,11.9
1400000US36047003700,36047003700,37,116,6,62,0
1400000US36047003800,36047003800,38,465,9.2,189,9
1400000US36047003900,36047003900,39,387,7.2,194,0
1400000US36047004100,36047004100,41,665,3.9,376,0
1400000US36047004300,36047004300,43,568,0,273,0
1400000US36047004400,36047004400,44,681,5.1,221,11.3
1400000US36047004500,36047004500,45,748,0,309,0
1400000US36047004600,36047004600,46,383,12.3,203,23.2
1400000US36047004700,36047004700,47,419,2.4,237,4.2
1400000US36047004900,36047004900,49,513,0,223,0
1400000US36047005000,36047005000,50,563,0,217,0
1400000US36047005100,36047005100,51,499,1.4,245,0
1400000US36047005201,36047005201,52.01,334,26,119,0
1400000US36047005202,36047005202,52.02,557,3.4,223,0
1400000US36047005300,36047005300,53,467,18,267,13.9
1400000US36047005400,36047005400,54,852,12.8,336,13.4
1400000US36047005601,36047005601,56.01,564,12.1,253,26.9
1400000US36047005602,36047005602,56.02,411,3.4,189,0
1400000US36047005800,36047005800,58,696,15.2,321,23.1
1400000US36047005900,36047005900,59,238,16,124,21
1400000US36047006000,36047006000,60,676,4,266,3.4
1400000US36047006200,36047006200,62,641,16.8,371,17
1400000US36047006300,36047006300,63,435,3,195,6.7
1400000US36047006400,36047006400,64,843,10.8,384,21.6
1400000US36047006500,36047006500,65,1048,8.1,452,11.7
1400000US36047006600,36047006600,66,764,6.9,434,8.3
1400000US36047006700,36047006700,67,925,0.9,466,0
1400000US36047006800,36047006800,68,1163,22.4,700,29.7
1400000US36047006900,36047006900,69,570,3,309,5.5
1400000US36047007000,36047007000,70,659,13.8,305,13.4
1400000US36047007100,36047007100,71,1284,32.7,811,39.1
1400000US36047007200,36047007200,72,502,37.8,274,48.5
1400000US36047007400,36047007400,74,1262,29.7,873,33.8
1400000US36047007500,36047007500,75,1153,0,574,0
1400000US36047007600,36047007600,76,945,29.5,453,40.8
1400000US36047007700,36047007700,77,987,3.9,536,0.9
1400000US36047007800,36047007800,78,1053,25.7,661,28.1
1400000US36047008000,36047008000,80,865,20.8,582,24.1
1400000US36047008200,36047008200,82,972,28.5,551,32.8
1400000US36047008400,36047008400,84,780,29.6,543,35.7
1400000US36047008500,36047008500,85,1936,46.4,1274,51
1400000US36047008600,36047008600,86,0,0,0,0
1400000US36047008800,36047008800,88,759,10.3,345,16.2
1400000US36047009000,36047009000,90,712,32.3,414,47.6
1400000US36047009200,36047009200,92,1165,27.5,734,36.2
1400000US36047009400,36047009400,94,1195,32.4,743,48.9
1400000US36047009600,36047009600,96,1410,18.4,824,26.9
1400000US36047009800,36047009800,98,1511,40.6,1049,48.3
1400000US36047010000,36047010000,100,1455,35.9,834,46.8
1400000US36047010100,36047010100,101,918,18.5,558,28.9
1400000US36047010200,36047010200,102,1121,19.1,559,27
1400000US36047010400,36047010400,104,1215,32.3,701,34.7
1400000US36047010600,36047010600,106,1324,40,694,49.7
1400000US36047010800,36047010800,108,1078,41.6,697,56.2
1400000US36047011000,36047011000,110,498,21.7,247,33.2
1400000US36047011200,36047011200,112,1408,31.3,837,39.4
1400000US36047011400,36047011400,114,782,33.1,471,43.3
1400000US36047011600,36047011600,116,924,23.4,552,27.2
1400000US36047011700,36047011700,117,546,18.1,151,7.9
1400000US36047011800,36047011800,118,626,24.9,408,36.8
1400000US36047011900,36047011900,119,382,3.1,183,6.6
1400000US36047012000,36047012000,120,260,51.9,130,58.5
1400000US36047012100,36047012100,121,425,4.2,157,0
1400000US36047012200,36047012200,122,1000,32.6,594,45.5
1400000US36047012600,36047012600,126,696,39.5,427,43.8
1400000US36047012700,36047012700,127,808,19.1,473,26.6
1400000US36047012801,36047012801,128.01,506,18.8,231,34.6
1400000US36047012901,36047012901,129.01,420,11.7,192,25.5
1400000US36047012902,36047012902,129.02,417,13.2,184,18.5
1400000US36047013000,36047013000,130,998,16.9,638,22.7
1400000US36047013100,36047013100,131,939,7.7,435,14.7
1400000US36047013200,36047013200,132,492,12.6,288,16.7
1400000US36047013300,36047013300,133,1220,5.1,653,6.6
1400000US36047013400,36047013400,134,967,10,516,15.7
1400000US36047013500,36047013500,135,737,0.9,440,1.6
1400000US36047013600,36047013600,136,862,12.6,419,16.2
1400000US36047013700,36047013700,137,654,6.7,335,13.1
1400000US36047013800,36047013800,138,902,20.2,426,25.4
1400000US36047013900,36047013900,139,758,5.4,358,7.8
1400000US36047014000,36047014000,140,438,5.9,197,11.7
1400000US36047014100,36047014100,141,972,0,559,0
1400000US36047014200,36047014200,142,696,16.7,283,26.5
1400000US36047014300,36047014300,143,809,19.4,303,40.9
1400000US36047014500,36047014500,145,834,5,398,8
1400000US36047014700,36047014700,147,453,14.6,295,22.4
1400000US36047014800,36047014800,148,340,0,186,0
1400000US36047014900,36047014900,149,1155,2.8,591,2.4
1400000US36047015000,36047015000,150,475,2.5,204,0
1400000US36047015100,36047015100,151,928,0.9,485,1.6
1400000US36047015200,36047015200,152,641,5.3,241,7.9
1400000US36047015300,36047015300,153,714,0,297,0
1400000US36047015400,36047015400,154,0,0,0,0
1400000US36047015500,36047015500,155,961,1.4,540,2.4
1400000US36047015700,36047015700,157,1112,1.1,472,2.5
1400000US36047015900,36047015900,159,1217,1.3,533,3
1400000US36047016000,36047016000,160,997,20.5,538,32.7
1400000US36047016100,36047016100,161,691,4.9,233,14.6
1400000US36047016200,36047016200,162,637,5.8,377,7.2
1400000US36047016300,36047016300,163,733,3.5,343,2.9
1400000US36047016400,36047016400,164,196,8.2,158,10.1
1400000US36047016500,36047016500,165,1228,1.1,691,1.9
1400000US36047016600,36047016600,166,571,6.5,203,11.3
1400000US36047016700,36047016700,167,1101,11.4,519,0
1400000US36047016800,36047016800,168,402,9.7,154,14.3
1400000US36047016900,36047016900,169,1344,28.1,531,40.3
1400000US36047017000,36047017000,170,867,9.7,307,21.5
1400000US36047017100,36047017100,171,976,1.2,494,2.4
1400000US36047017200,36047017200,172,830,5.8,339,2.1
1400000US36047017400,36047017400,174,604,8.3,237,5.5
1400000US36047017500,36047017500,175,0,0,0,0
1400000US36047017600,36047017600,176,453,10.2,168,22
1400000US36047017700,36047017700,177,0,0,0,0
1400000US36047017800,36047017800,178,595,13.8,317,21.1
1400000US36047017900,36047017900,179,892,15,426,17.4
1400000US36047018000,36047018000,180,679,25.8,372,44.9
1400000US36047018100,36047018100,181,730,7.8,350,11.7
1400000US36047018200,36047018200,182,759,15.7,355,27
1400000US36047018300,36047018300,183,732,1.4,308,3.2
1400000US36047018400,36047018400,184,507,4.7,225,3.6
1400000US36047018501,36047018501,185.01,1164,47.9,796,55.5
1400000US36047018600,36047018600,186,540,4.4,243,4.5
1400000US36047018700,36047018700,187,326,1.5,197,2.5
1400000US36047018800,36047018800,188,788,6.2,416,7.5
1400000US36047019000,36047019000,190,1280,22.9,765,34.4
1400000US36047019100,36047019100,191,470,17.2,262,30.9
1400000US36047019200,36047019200,192,611,30.1,407,37.8
1400000US36047019300,36047019300,193,790,9.9,355,17.7
1400000US36047019400,36047019400,194,909,10.1,472,8.3
1400000US36047019500,36047019500,195,845,7.3,379,14.5
1400000US36047019600,36047019600,196,1175,25.7,799,28.7
1400000US36047019700,36047019700,197,700,7,286,0
1400000US36047019800,36047019800,198,504,9.5,180,26.7
1400000US36047019900,36047019900,199,464,2.2,234,4.3
1400000US36047020000,36047020000,200,569,15.3,308,12.7
1400000US36047020100,36047020100,201,623,3.7,335,2.1
1400000US36047020200,36047020200,202,513,6,238,10.1
1400000US36047020300,36047020300,203,232,15.1,138,16.7
1400000US36047020400,36047020400,204,414,6.3,167,10.2
1400000US36047020500,36047020500,205,501,2,267,0
1400000US36047020600,36047020600,206,613,6.2,267,3.7
1400000US36047020700,36047020700,207,858,1.9,432,3.7
1400000US36047020800,36047020800,208,673,9.1,279,15.8
1400000US36047021000,36047021000,210,1101,16.6,563,24.5
1400000US36047021100,36047021100,211,282,16.7,155,14.8
1400000US36047021200,36047021200,212,1159,27.6,661,30.7
1400000US36047021300,36047021300,213,1082,20.3,563,30.7
1400000US36047021400,36047021400,214,484,28.5,305,38.7
1400000US36047021500,36047021500,215,1170,22.8,579,27.3
1400000US36047021600,36047021600,216,798,32.5,508,47
1400000US36047021700,36047021700,217,652,17,353,21.2
1400000US36047021800,36047021800,218,897,43.9,707,55.7
1400000US36047021900,36047021900,219,783,21.8,288,30.9
1400000US36047022000,36047022000,220,958,35.4,615,44.6
1400000US36047022100,36047022100,221,701,10.8,340,7.1
1400000US36047022200,36047022200,222,864,37,523,54.9
1400000US36047022400,36047022400,224,1045,36.5,692,41.5
1400000US36047022600,36047022600,226,547,15,335,14.9
1400000US36047022700,36047022700,227,608,19.9,262,21.8
1400000US36047022800,36047022800,228,676,24,459,33.1
1400000US36047022900,36047022900,229,820,6,555,8.8
1400000US36047023000,36047023000,230,742,41.4,521,55.1
1400000US36047023100,36047023100,231,525,16,291,22.3
1400000US36047023200,36047023200,232,1285,45.7,893,55.5
1400000US36047023300,36047023300,233,1015,36.1,614,43.5
1400000US36047023400,36047023400,234,1212,39.9,836,47.5
1400000US36047023500,36047023500,235,697,39.9,479,51.1
1400000US36047023600,36047023600,236,1200,39.7,704,54.7
1400000US36047023800,36047023800,238,967,25.5,469,37.5
1400000US36047024000,36047024000,240,930,31.5,510,39.2
1400000US36047024100,36047024100,241,336,20.2,188,36.2
1400000US36047024200,36047024200,242,728,19.1,344,26.2
1400000US36047024300,36047024300,243,788,17.5,392,29.6
1400000US36047024400,36047024400,244,721,22.7,389,28.3
1400000US36047024500,36047024500,245,962,19.2,555,27.6
1400000US36047024600,36047024600,246,833,17,495,22
1400000US36047024700,36047024700,247,368,19.6,199,22.1
1400000US36047024800,36047024800,248,694,21.3,363,30.3
1400000US36047024900,36047024900,249,674,17.1,324,26.5
1400000US36047025000,36047025000,250,391,17.1,161,41.6
1400000US36047025100,36047025100,251,785,29,433,30.5
1400000US36047025200,36047025200,252,1454,10.2,833,5.5
1400000US36047025300,36047025300,253,440,14.1,214,13.1
1400000US36047025400,36047025400,254,915,18.5,485,27.4
1400000US36047025500,36047025500,255,1333,38,774,51
1400000US36047025600,36047025600,256,758,18.2,391,27.9
1400000US36047025700,36047025700,257,380,31.1,175,41.7
1400000US36047025800,36047025800,258,1184,18.4,625,24
1400000US36047025901,36047025901,259.01,379,28.5,244,35.7
1400000US36047025902,36047025902,259.02,836,60.2,500,75.2
1400000US36047026000,36047026000,260,917,15.3,383,21.7
1400000US36047026100,36047026100,261,1060,21.5,677,28.8
1400000US36047026200,36047026200,262,567,12.7,250,22
1400000US36047026300,36047026300,263,463,16,281,10.7
1400000US36047026400,36047026400,264,1104,20.2,522,26.8
1400000US36047026500,36047026500,265,873,36.8,554,39.4
1400000US36047026600,36047026600,266,953,7.6,466,10.5
1400000US36047026700,36047026700,267,473,19,262,32.1
1400000US36047026800,36047026800,268,1022,11.5,534,11.6
1400000US36047026900,36047026900,269,616,3.1,284,3.5
1400000US36047027000,36047027000,270,576,16.3,206,16.5
1400000US36047027100,36047027100,271,636,21.2,324,34
1400000US36047027200,36047027200,272,786,11.1,417,15.8
1400000US36047027300,36047027300,273,650,23.8,465,27.1
1400000US36047027400,36047027400,274,702,14.7,392,12
1400000US36047027500,36047027500,275,939,20.3,507,30.2
1400000US36047027600,36047027600,276,882,18.4,501,25.9
1400000US36047027700,36047027700,277,952,34.5,596,48.2
1400000US36047027800,36047027800,278,710,16.1,334,26.9
1400000US36047027900,36047027900,279,878,8.2,340,14.1
1400000US36047028000,36047028000,280,400,5,147,4.1
1400000US36047028100,36047028100,281,1117,36.7,764,44.8
1400000US36047028200,36047028200,282,834,17.9,351,27.4
1400000US36047028300,36047028300,283,861,47.4,391,60.4
1400000US36047028400,36047028400,284,924,16,420,23.6
1400000US36047028501,36047028501,285.01,44,0,30,0
1400000US36047028502,36047028502,285.02,739,33,297,52.9
1400000US36047028600,36047028600,286,1181,10.9,443,11.1
1400000US36047028700,36047028700,287,533,41.5,346,45.7
1400000US36047028800,36047028800,288,634,21.5,242,36.4
1400000US36047028900,36047028900,289,763,35,516,43.6
1400000US36047029000,36047029000,290,937,14,299,24.1
1400000US36047029100,36047029100,291,562,19.8,383,25.1
1400000US36047029200,36047029200,292,630,19.5,253,24.1
1400000US36047029300,36047029300,293,670,23.6,446,24.2
1400000US36047029400,36047029400,294,402,8.7,124,16.1
1400000US36047029500,36047029500,295,869,14.2,503,18.7
1400000US36047029600,36047029600,296,1229,14.8,464,34.9
1400000US36047029700,36047029700,297,833,30.7,437,46.7
1400000US36047029800,36047029800,298,933,11.5,542,17.7
1400000US36047029900,36047029900,299,575,32.3,355,43.4
1400000US36047030000,36047030000,300,780,9.7,408,14.2
1400000US36047030100,36047030100,301,555,20.7,288,21.5
1400000US36047030200,36047030200,302,1156,15.9,438,15.1
1400000US36047030300,36047030300,303,1227,49.5,939,55.4
1400000US36047030400,36047030400,304,1018,14.5,423,21
1400000US36047030500,36047030500,305,924,18.3,619,24.1
1400000US36047030600,36047030600,306,523,18.7,280,32.5
1400000US36047030700,36047030700,307,1158,34.8,939,37.1
1400000US36047030800,36047030800,308,598,9.5,187,15.5
1400000US36047030900,36047030900,309,448,53.1,290,62.4
1400000US36047031100,36047031100,311,662,25.5,417,32.1
1400000US36047031300,36047031300,313,968,24.7,492,27
1400000US36047031400,36047031400,314,1140,5.7,415,11.8
1400000US36047031500,36047031500,315,895,23.2,462,39
1400000US36047031701,36047031701,317.01,717,25.8,326,46
1400000US36047031702,36047031702,317.02,760,28.3,442,39.4
1400000US36047031900,36047031900,319,865,17.3,400,35
1400000US36047032100,36047032100,321,1376,19.3,849,18.6
1400000US36047032300,36047032300,323,826,13.6,415,21.4
1400000US36047032500,36047032500,325,1371,31.2,733,44.3
1400000US36047032600,36047032600,326,1475,35.1,848,35.5
1400000US36047032700,36047032700,327,500,20.6,354,28.2
1400000US36047032800,36047032800,328,814,28,267,54.3
1400000US36047032900,36047032900,329,1410,12.1,748,19.1
1400000US36047033000,36047033000,330,1144,33.6,546,44.3
1400000US36047033100,36047033100,331,865,18.6,497,23.7
1400000US36047033300,36047033300,333,1051,18.8,654,21.6
1400000US36047033500,36047033500,335,591,17.9,357,24.1
1400000US36047033600,36047033600,336,962,7.9,468,12.4
1400000US36047033700,36047033700,337,792,13.9,515,17.7
1400000US36047033900,36047033900,339,879,20.3,484,32.2
1400000US36047034000,36047034000,340,423,23.2,139,46
1400000US36047034100,36047034100,341,506,9.1,237,7.2
1400000US36047034200,36047034200,342,1256,30,526,43.2
1400000US36047034300,36047034300,343,1206,31.3,785,39.9
1400000US36047034500,36047034500,345,535,32.5,279,49.1
1400000US36047034700,36047034700,347,780,33.1,392,59.2
1400000US36047034800,36047034800,348,578,29.9,291,41.2
1400000US36047034900,36047034900,349,1289,35,814,43.5
1400000US36047035000,36047035000,350,814,17.7,175,12.6
1400000US36047035100,36047035100,351,1082,30.7,680,36.8
1400000US36047035200,36047035200,352,52,50,4,0
1400000US36047035300,36047035300,353,1145,22.2,732,24.3
1400000US36047035400,36047035400,354,1537,3.4,355,0
1400000US36047035500,36047035500,355,1054,21.8,683,24.3
1400000US36047035601,36047035601,356.01,681,5.3,186,0
1400000US36047035602,36047035602,356.02,1308,9.3,277,0
1400000US36047035700,36047035700,357,554,54.7,380,64.2
1400000US36047035900,36047035900,359,1266,44.2,860,46.9
1400000US36047036001,36047036001,360.01,775,20.5,193,28
1400000US36047036002,36047036002,360.02,764,25.9,201,23.4
1400000US36047036100,36047036100,361,519,34.3,366,35.2
1400000US36047036200,36047036200,362,759,38.5,483,51.6
1400000US36047036300,36047036300,363,898,21.6,689,22.5
1400000US36047036400,36047036400,364,500,26,234,44
1400000US36047036501,36047036501,365.01,652,24.7,350,37.7
1400000US36047036502,36047036502,365.02,249,13.7,146,23.3
1400000US36047036600,36047036600,366,860,16.9,427,25.1
1400000US36047036700,36047036700,367,297,15.2,153,20.3
1400000US36047036900,36047036900,369,1148,39.5,846,47.2
1400000US36047037000,36047037000,370,1054,8.3,515,14
1400000US36047037100,36047037100,371,1242,20.7,581,26.9
1400000US36047037300,36047037300,373,1000,34.1,577,42.6
1400000US36047037401,36047037401,374.01,1100,7.7,329,14.6
1400000US36047037402,36047037402,374.02,1028,3.8,366,5.2
1400000US36047037500,36047037500,375,631,13.5,374,19.8
1400000US36047037700,36047037700,377,932,17.4,431,33.4
1400000US36047037900,36047037900,379,971,25.3,517,37.3
1400000US36047038100,36047038100,381,1166,40.5,700,52.1
1400000US36047038200,36047038200,382,1505,39,863,42.3
1400000US36047038300,36047038300,383,926,5.9,486,9.7
1400000US36047038500,36047038500,385,748,26.6,482,32.6
1400000US36047038600,36047038600,386,912,15.4,469,29.9
1400000US36047038700,36047038700,387,791,29.2,446,39.7
1400000US36047038800,36047038800,388,998,19.4,521,29.8
1400000US36047038900,36047038900,389,593,44,313,49.2
1400000US36047039000,36047039000,390,572,11.7,254,22.4
1400000US36047039100,36047039100,391,566,22.4,406,26.6
1400000US36047039200,36047039200,392,585,12.3,290,14.8
1400000US36047039300,36047039300,393,717,22,481,23.9
1400000US36047039400,36047039400,394,545,4.4,269,6.3
1400000US36047039500,36047039500,395,605,38,414,53.9
1400000US36047039600,36047039600,396,463,12.1,261,16.5
1400000US36047039700,36047039700,397,679,34.8,417,45.6
1400000US36047039800,36047039800,398,668,5.2,202,9.9
1400000US36047039900,36047039900,399,845,28.8,530,35.8
1400000US36047040000,36047040000,400,801,15.7,360,19.2
1400000US36047040100,36047040100,401,728,26.4,410,23.7
1400000US36047040200,36047040200,402,669,14.9,229,26.6
1400000US36047040300,36047040300,403,863,39.4,547,48.1
1400000US36047040400,36047040400,404,571,11.9,155,14.8
1400000US36047040500,36047040500,405,373,13.9,246,21.1
1400000US36047040600,36047040600,406,821,7.2,369,5.1
1400000US36047040700,36047040700,407,0,0,0,0
1400000US36047040800,36047040800,408,759,9.1,307,2
1400000US36047040900,36047040900,409,975,33.4,500,46.2
1400000US36047041000,36047041000,410,534,5.1,183,6.6
1400000US36047041100,36047041100,411,726,45.2,491,46.6
1400000US36047041200,36047041200,412,706,8.6,334,15.9
1400000US36047041300,36047041300,413,842,17.7,478,22.2
1400000US36047041401,36047041401,414.01,381,6.3,38,0
1400000US36047041402,36047041402,414.02,387,9.8,208,11.1
1400000US36047041500,36047041500,415,1078,17,658,20.5
1400000US36047041600,36047041600,416,647,18.5,358,31.3
1400000US36047041700,36047041700,417,869,29.1,588,28.9
1400000US36047041800,36047041800,418,377,13.5,169,7.1
1400000US36047041900,36047041900,419,880,30.3,586,38.1
1400000US36047042000,36047042000,420,426,18.5,280,24.6
1400000US36047042100,36047042100,421,740,20.9,303,28.1
1400000US36047042200,36047042200,422,771,10.1,308,8.8
1400000US36047042300,36047042300,423,834,27.1,565,29
1400000US36047042400,36047042400,424,847,10.3,289,24.2
1400000US36047042500,36047042500,425,534,16.3,327,26.6
1400000US36047042600,36047042600,426,1107,19.5,441,31.7
1400000US36047042700,36047042700,427,1083,41.2,755,52.3
1400000US36047042800,36047042800,428,1055,11.8,453,17.7
1400000US36047042900,36047042900,429,1379,32.1,876,39.3
1400000US36047043000,36047043000,430,813,13.7,235,13.2
1400000US36047043100,36047043100,431,1211,40.6,671,55.3
1400000US36047043200,36047043200,432,1167,13.1,574,17.2
1400000US36047043300,36047043300,433,1046,28.9,732,31.3
1400000US36047043400,36047043400,434,859,16.3,397,20.2
1400000US36047043500,36047043500,435,1158,29.7,817,36.6
1400000US36047043600,36047043600,436,1205,23.1,574,25.3
1400000US36047043700,36047043700,437,1197,25.8,682,43.3
1400000US36047043800,36047043800,438,654,15.1,277,30
1400000US36047043900,36047043900,439,928,20.5,534,24.3
1400000US36047044000,36047044000,440,640,18.3,342,24.3
1400000US36047044100,36047044100,441,1419,28.4,912,33.2
1400000US36047044200,36047044200,442,662,14,281,17.4
1400000US36047044300,36047044300,443,1304,25.6,799,36.3
1400000US36047044400,36047044400,444,740,16.8,326,14.7
1400000US36047044500,36047044500,445,1041,25.3,557,40.2
1400000US36047044600,36047044600,446,451,17.3,136,30.9
1400000US36047044700,36047044700,447,497,8.7,290,12.8
1400000US36047044800,36047044800,448,377,5,132,6.8
1400000US36047044900,36047044900,449,743,19.4,317,25.9
1400000US36047045000,36047045000,450,180,12.8,67,4.5
1400000US36047045200,36047045200,452,626,7.8,274,6.9
1400000US36047045300,36047045300,453,295,22.7,143,35
1400000US36047045400,36047045400,454,409,12.5,221,17.6
1400000US36047045600,36047045600,456,711,23.2,231,35.5
1400000US36047045800,36047045800,458,373,2.4,183,0
1400000US36047046000,36047046000,460,842,17.3,448,21.4
1400000US36047046201,36047046201,462.01,566,24.7,259,26.3
1400000US36047046202,36047046202,462.02,477,20.5,307,25.4
1400000US36047046400,36047046400,464,578,21.8,343,32.1
1400000US36047046800,36047046800,468,418,33.5,304,38.2
1400000US36047047000,36047047000,470,640,25.5,282,52.5
1400000US36047047200,36047047200,472,652,20.4,328,37.2
1400000US36047047400,36047047400,474,611,8.5,311,10.9
1400000US36047047600,36047047600,476,717,19.1,429,28.4
1400000US36047047700,36047047700,477,527,12.9,116,24.1
1400000US36047047800,36047047800,478,808,42.6,505,58.2
1400000US36047048000,36047048000,480,724,29.6,498,36.7
1400000US36047048100,36047048100,481,399,9.3,135,10.4
1400000US36047048200,36047048200,482,1254,32,648,52.6
1400000US36047048400,36047048400,484,1139,16.9,581,28.6
1400000US36047048500,36047048500,485,282,17.4,102,14.7
1400000US36047048600,36047048600,486,752,35.9,415,47.5
1400000US36047048800,36047048800,488,1077,32.4,540,45.4
1400000US36047048900,36047048900,489,966,34,508,45.3
1400000US36047049000,36047049000,490,1370,27.3,740,36.6
1400000US36047049100,36047049100,491,1515,17.4,576,31.4
1400000US36047049200,36047049200,492,688,26.7,404,34.4
1400000US36047049300,36047049300,493,1776,20.4,906,34.2
1400000US36047049400,36047049400,494,1189,19.6,547,28.3
1400000US36047049500,36047049500,495,583,11.1,263,4.2
1400000US36047049600,36047049600,496,890,12.7,583,18.2
1400000US36047049700,36047049700,497,397,6.8,78,21.8
1400000US36047049800,36047049800,498,917,20.4,491,36.5
1400000US36047049900,36047049900,499,347,0,98,0
1400000US36047050000,36047050000,500,783,8.7,511,11.9
1400000US36047050100,36047050100,501,572,8.9,283,14.1
1400000US36047050202,36047050202,502.02,522,2.1,226,0
1400000US36047050300,36047050300,503,350,12.9,199,8.5
1400000US36047050400,36047050400,504,1078,4.6,419,11.9
1400000US36047050500,36047050500,505,965,35.1,449,52.1
1400000US36047050600,36047050600,506,1154,22.4,709,26.1
1400000US36047050700,36047050700,507,418,54.3,364,58.5
1400000US36047050801,36047050801,508.01,953,24.8,540,22
1400000US36047050803,36047050803,508.03,443,21.9,230,36.1
1400000US36047050804,36047050804,508.04,1142,23.3,666,28.8
1400000US36047050900,36047050900,509,632,49.1,531,52.9
1400000US36047051001,36047051001,510.01,906,9.8,541,16.5
1400000US36047051002,36047051002,510.02,1155,18.2,641,25.7
1400000US36047051100,36047051100,511,843,26.7,373,44.2
1400000US36047051200,36047051200,512,1350,16.5,688,19.9
1400000US36047051300,36047051300,513,868,11.4,266,28.2
1400000US36047051400,36047051400,514,1641,17.8,1049,17
1400000US36047051500,36047051500,515,257,5.1,169,0
1400000US36047051601,36047051601,516.01,1258,29.1,608,35.7
1400000US36047051602,36047051602,516.02,813,20,512,26.8
1400000US36047051700,36047051700,517,329,0.3,118,0
1400000US36047051800,36047051800,518,799,10.8,393,2.3
1400000US36047051900,36047051900,519,596,1.3,192,0
1400000US36047052000,36047052000,520,900,17.7,535,20.9
1400000US36047052300,36047052300,523,1392,21.8,559,26.7
1400000US36047052500,36047052500,525,737,46.1,415,65.1
1400000US36047052600,36047052600,526,1061,9.3,544,7.2
1400000US36047052700,36047052700,527,1136,42.4,676,48.7
1400000US36047052800,36047052800,528,436,5.3,243,9.5
1400000US36047052900,36047052900,529,869,44.9,570,61.2
1400000US36047053000,36047053000,530,720,15.4,270,18.9
1400000US36047053100,36047053100,531,1412,40.2,1234,45.7
1400000US36047053200,36047053200,532,579,8.6,211,17.1
1400000US36047053300,36047053300,533,1469,55.8,1143,64.7
1400000US36047053400,36047053400,534,872,24.5,410,46.1
1400000US36047053500,36047053500,535,928,52.4,734,58.7
1400000US36047053700,36047053700,537,681,51,563,57.2
1400000US36047053800,36047053800,538,976,16.7,370,23.2
1400000US36047053900,36047053900,539,703,48.1,395,56.2
1400000US36047054200,36047054200,542,1019,23.9,461,32.1
1400000US36047054300,36047054300,543,35,37.1,13,100
1400000US36047054400,36047054400,544,735,9.4,238,8.8
1400000US36047054500,36047054500,545,1408,64.1,875,56.6
1400000US36047054600,36047054600,546,1115,11.4,529,14.9
1400000US36047054700,36047054700,547,924,41.5,655,50.5
1400000US36047054800,36047054800,548,572,13.6,242,12.8
1400000US36047054900,36047054900,549,653,32.9,268,44
1400000US36047055000,36047055000,550,942,21.9,443,31.6
1400000US36047055100,36047055100,551,858,17,490,21.6
1400000US36047055200,36047055200,552,889,17.1,345,19.4
1400000US36047055300,36047055300,553,522,4.8,173,7.5
1400000US36047055400,36047055400,554,961,13.7,387,24.8
1400000US36047055500,36047055500,555,705,7.2,343,9.6
1400000US36047055600,36047055600,556,979,9.5,399,7
1400000US36047055700,36047055700,557,357,6.2,77,15.6
1400000US36047055800,36047055800,558,645,7.6,262,16.8
1400000US36047056000,36047056000,560,817,15.9,201,7
1400000US36047056100,36047056100,561,537,1.1,156,0
1400000US36047056200,36047056200,562,508,9.4,210,18.1
1400000US36047056300,36047056300,563,796,23.2,289,21.5
1400000US36047056400,36047056400,564,691,3.3,287,0
1400000US36047056500,36047056500,565,582,2.6,196,0
1400000US36047056600,36047056600,566,685,11.8,307,11.4
1400000US36047056800,36047056800,568,352,2.8,163,6.1
1400000US36047056900,36047056900,569,239,1.3,117,2.6
1400000US36047057000,36047057000,570,905,6.6,288,17
1400000US36047057100,36047057100,571,836,9.2,263,19
1400000US36047057200,36047057200,572,1284,50.9,762,60.6
1400000US36047057300,36047057300,573,479,12.5,123,13
1400000US36047057400,36047057400,574,805,2.2,281,2.1
1400000US36047057500,36047057500,575,716,20.7,381,34.9
1400000US36047057600,36047057600,576,805,7.3,326,14.4
1400000US36047057800,36047057800,578,840,13.1,392,12
1400000US36047057900,36047057900,579,168,3,55,9.1
1400000US36047058000,36047058000,580,852,16.7,462,16.2
1400000US36047058200,36047058200,582,682,16.6,368,22.6
1400000US36047058400,36047058400,584,870,6.7,386,11.4
1400000US36047058600,36047058600,586,630,19.2,327,16.5
1400000US36047058800,36047058800,588,901,14.9,346,21.4
1400000US36047058900,36047058900,589,471,13.4,148,9.5
1400000US36047059000,36047059000,590,473,13.3,190,11.1
1400000US36047059100,36047059100,591,750,7.9,271,14
1400000US36047059200,36047059200,592,1084,13,470,8.3
1400000US36047059300,36047059300,593,373,8,128,8.6
1400000US36047059401,36047059401,594.01,1932,13.9,926,18.4
1400000US36047059402,36047059402,594.02,1283,6.6,406,2.5
1400000US36047059600,36047059600,596,716,4.2,235,0
1400000US36047059800,36047059800,598,874,11.2,408,21.1
1400000US36047060000,36047060000,600,1546,9,591,19.8
1400000US36047060600,36047060600,606,724,19.1,220,24.5
1400000US36047060800,36047060800,608,778,8.5,344,10.8
1400000US36047061002,36047061002,610.02,1273,10,452,5.5
1400000US36047061003,36047061003,610.03,419,24.3,258,22.1
1400000US36047061004,36047061004,610.04,1529,23.4,575,29.4
1400000US36047061200,36047061200,612,290,15.5,71,25.4
1400000US36047061600,36047061600,616,415,7,189,10.6
1400000US36047062000,36047062000,620,596,6.4,288,0.7
1400000US36047062200,36047062200,622,762,6.2,303,3.6
1400000US36047062600,36047062600,626,683,17.7,272,33.8
1400000US36047062800,36047062800,628,1434,6.6,599,9.5
1400000US36047063200,36047063200,632,411,8,131,0
1400000US36047063600,36047063600,636,334,1.8,170,3.5
1400000US36047063800,36047063800,638,512,0,181,0
1400000US36047064000,36047064000,640,494,11.3,233,19.3
1400000US36047064200,36047064200,642,596,4.5,280,1.4
1400000US36047064400,36047064400,644,496,12.7,308,14.9
1400000US36047064600,36047064600,646,561,10,301,18.6
1400000US36047064800,36047064800,648,444,6.8,236,8.9
1400000US36047065000,36047065000,650,439,16.4,178,27.5
1400000US36047065200,36047065200,652,353,1.1,172,2.3
1400000US36047065400,36047065400,654,438,11.9,218,18.8
1400000US36047065600,36047065600,656,491,0.8,226,1.8
1400000US36047065800,36047065800,658,561,3.2,310,3.5
1400000US36047066000,36047066000,660,504,2.4,194,0
1400000US36047066200,36047066200,662,458,2.2,234,0
1400000US36047066600,36047066600,666,0,0,0,0
1400000US36047067000,36047067000,670,780,4.9,414,5.8
1400000US36047067200,36047067200,672,381,8.1,262,11.8
1400000US36047067400,36047067400,674,466,13.3,203,30.5
1400000US36047067600,36047067600,676,474,3.2,259,3.9
1400000US36047067800,36047067800,678,713,1.4,294,3.4
1400000US36047068000,36047068000,680,432,26.6,287,40.1
1400000US36047068200,36047068200,682,694,0,314,0
1400000US36047068600,36047068600,686,378,2.6,180,2.2
1400000US36047068800,36047068800,688,485,1.9,219,4.1
1400000US36047069000,36047069000,690,468,0.9,247,0
1400000US36047069200,36047069200,692,664,3.5,345,4.9
1400000US36047069601,36047069601,696.01,1012,11,571,15.6
1400000US36047069602,36047069602,696.02,1609,2.9,901,5.2
1400000US36047069800,36047069800,698,395,7.3,265,10.9
1400000US36047070000,36047070000,700,500,0,250,0
1400000US36047070201,36047070201,702.01,1756,4.7,853,7.9
1400000US36047070202,36047070202,702.02,27,100,27,100
1400000US36047070203,36047070203,702.03,0,0,0,0
1400000US36047070600,36047070600,706,794,0.8,263,0
1400000US36047072000,36047072000,720,585,6.3,305,12.1
1400000US36047072200,36047072200,722,818,7.3,339,15.9
1400000US36047072400,36047072400,724,522,0.8,269,0
1400000US36047072600,36047072600,726,645,2.8,281,6.4
1400000US36047072800,36047072800,728,880,9.4,297,8.1
1400000US36047073000,36047073000,730,669,3.6,209,8.6
1400000US36047073200,36047073200,732,694,8.9,342,17
1400000US36047073400,36047073400,734,557,1.6,269,3.3
1400000US36047073600,36047073600,736,863,13.9,428,19.4
1400000US36047073800,36047073800,738,853,5.9,492,8.7
1400000US36047074000,36047074000,740,867,6.6,462,12.3
1400000US36047074200,36047074200,742,794,9.6,417,16.5
1400000US36047074400,36047074400,744,538,7.4,355,9.6
1400000US36047074600,36047074600,746,429,9.3,294,13.6
1400000US36047074800,36047074800,748,465,27.1,245,45.7
1400000US36047075000,36047075000,750,729,20.4,348,30.5
1400000US36047075200,36047075200,752,246,7.3,94,9.6
1400000US36047075400,36047075400,754,383,8.4,189,11.1
1400000US36047075600,36047075600,756,443,15.3,247,27.5
1400000US36047075800,36047075800,758,504,9.7,236,14
1400000US36047076000,36047076000,760,560,18.4,273,28.2
1400000US36047076200,36047076200,762,1058,23.5,464,33.6
1400000US36047076400,36047076400,764,778,9.4,451,14.9
1400000US36047076600,36047076600,766,553,9.9,332,9.3
1400000US36047076800,36047076800,768,816,12.6,412,18
1400000US36047077000,36047077000,770,647,13.3,387,13.4
1400000US36047077200,36047077200,772,788,24.2,436,35.1
1400000US36047077400,36047077400,774,623,12.5,286,17.5
1400000US36047077600,36047077600,776,1007,11.2,408,17.9
1400000US36047078000,36047078000,780,534,7.5,218,17
1400000US36047078200,36047078200,782,956,13.2,324,25.6
1400000US36047078400,36047078400,784,660,1.8,307,1.3
1400000US36047078600,36047078600,786,1095,14.2,624,17.6
1400000US36047078800,36047078800,788,810,22.8,492,35.2
1400000US36047079000,36047079000,790,1287,16.9,798,21.3
1400000US36047079200,36047079200,792,922,19,551,23
1400000US36047079400,36047079400,794,451,22,217,30
1400000US36047079601,36047079601,796.01,1014,12.2,593,14.8
1400000US36047079602,36047079602,796.02,994,23,529,30.4
1400000US36047079801,36047079801,798.01,876,6.1,349,15.2
1400000US36047079802,36047079802,798.02,1184,17.2,562,24
1400000US36047080000,36047080000,800,952,23.8,490,34.3
1400000US36047080200,36047080200,802,1057,23.5,576,36.5
1400000US36047080400,36047080400,804,691,23.2,380,32.4
1400000US36047080600,36047080600,806,834,8.8,505,8.5
1400000US36047080800,36047080800,808,64,57.8,0,0
1400000US36047081000,36047081000,810,477,14.3,272,17.6
1400000US36047081400,36047081400,814,548,14.2,265,18.1
1400000US36047081600,36047081600,816,723,14.8,375,19.5
1400000US36047081800,36047081800,818,932,29.1,609,37.1
1400000US36047082000,36047082000,820,1247,18.6,712,29.5
1400000US36047082200,36047082200,822,1571,24.3,777,25.6
1400000US36047082400,36047082400,824,913,14.5,607,19.9
1400000US36047082600,36047082600,826,1327,22,736,30.2
1400000US36047082800,36047082800,828,876,14.4,498,12
1400000US36047083000,36047083000,830,1525,7.3,815,9
1400000US36047083200,36047083200,832,553,0,269,0
1400000US36047083400,36047083400,834,412,5.3,220,10
1400000US36047083600,36047083600,836,575,8,226,15.9
1400000US36047083800,36047083800,838,645,4.3,299,9.4
1400000US36047084000,36047084000,840,584,1,295,0.7
1400000US36047084600,36047084600,846,391,9.5,113,8
1400000US36047084800,36047084800,848,401,15.7,158,29.1
1400000US36047085000,36047085000,850,371,8.6,146,19.2
1400000US36047085200,36047085200,852,0,0,0,0
1400000US36047085400,36047085400,854,484,3.7,236,0
1400000US36047085600,36047085600,856,924,8.5,589,9.5
1400000US36047085800,36047085800,858,554,9.2,331,12.4
1400000US36047086000,36047086000,860,937,19.6,529,32.1
1400000US36047086200,36047086200,862,746,18.5,410,30.5
1400000US36047086400,36047086400,864,575,9.7,267,15.7
1400000US36047086600,36047086600,866,798,8.5,466,9.2
1400000US36047086800,36047086800,868,840,16.9,490,19.8
1400000US36047087000,36047087000,870,782,14.5,438,21.7
1400000US36047087200,36047087200,872,692,8.1,320,15
1400000US36047087401,36047087401,874.01,865,24.3,412,40.8
1400000US36047087600,36047087600,876,366,6.3,191,12
1400000US36047087800,36047087800,878,784,35.5,459,45.1
1400000US36047088000,36047088000,880,803,13.3,287,22.3
1400000US36047088200,36047088200,882,1657,20.2,960,23.9
1400000US36047088400,36047088400,884,1215,12.1,769,14.6
1400000US36047088600,36047088600,886,1142,15.6,511,17
1400000US36047088800,36047088800,888,1031,11.7,611,15.4
1400000US36047089000,36047089000,890,1505,40.8,983,43.9
1400000US36047089200,36047089200,892,1013,24.9,652,32.5
1400000US36047089400,36047089400,894,909,22.4,566,32.7
1400000US36047089600,36047089600,896,704,28.1,560,32
1400000US36047089800,36047089800,898,518,26.6,309,34.3
1400000US36047090000,36047090000,900,1490,24.8,1078,30.6
1400000US36047090200,36047090200,902,666,32.6,428,43.9
1400000US36047090600,36047090600,906,1192,45.2,760,46.8
1400000US36047090800,36047090800,908,776,56.6,550,55.3
1400000US36047091000,36047091000,910,1354,62.6,741,82.2
1400000US36047091200,36047091200,912,1727,46,1205,52.9
1400000US36047091600,36047091600,916,928,33.6,460,29.8
1400000US36047091800,36047091800,918,811,32.8,462,48.3
1400000US36047092000,36047092000,920,847,30.3,448,36.4
1400000US36047092200,36047092200,922,727,12.1,345,11
1400000US36047092400,36047092400,924,745,26.7,489,34.8
1400000US36047092800,36047092800,928,749,11.3,412,6.1
1400000US36047093000,36047093000,930,744,5.2,300,7
1400000US36047093200,36047093200,932,352,2.6,173,3.5
1400000US36047093400,36047093400,934,676,2.8,323,3.7
1400000US36047093600,36047093600,936,437,5.7,268,6
1400000US36047093800,36047093800,938,585,22.9,370,31.4
1400000US36047094401,36047094401,944.01,941,12.3,424,10.8
1400000US36047094402,36047094402,944.02,859,27.9,488,25.6
1400000US36047094600,36047094600,946,458,7.2,257,11.7
1400000US36047095000,36047095000,950,834,12.9,370,15.1
1400000US36047095400,36047095400,954,1215,4.9,647,7
1400000US36047095600,36047095600,956,1078,9.5,600,6.2
1400000US36047095800,36047095800,958,969,9.1,370,11.4
1400000US36047096000,36047096000,960,0,0,0,0
1400000US36047096200,36047096200,962,419,7.2,211,6.6
1400000US36047096400,36047096400,964,590,13.2,302,17.2
1400000US36047096600,36047096600,966,577,11.1,368,17.4
1400000US36047096800,36047096800,968,365,15.1,242,8.7
1400000US36047097000,36047097000,970,523,14.7,223,34.5
1400000US36047097400,36047097400,974,598,4.5,320,8.4
1400000US36047098200,36047098200,982,1193,41.1,668,40.4
1400000US36047098400,36047098400,984,465,18.5,182,22.5
1400000US36047098600,36047098600,986,856,3.7,451,5.3
1400000US36047098800,36047098800,988,725,8.1,381,15.5
1400000US36047099000,36047099000,990,332,15.4,221,19.9
1400000US36047099200,36047099200,992,504,11.7,279,15.4
1400000US36047099400,36047099400,994,511,11.7,313,19.2
1400000US36047099600,36047099600,996,847,5.9,425,3.5
1400000US36047099800,36047099800,998,1019,8.6,609,14.4
1400000US36047100400,36047100400,1004,773,8,367,16.9
1400000US36047100600,36047100600,1006,630,3.5,304,7.2
1400000US36047100800,36047100800,1008,579,14.5,273,17.6
1400000US36047101000,36047101000,1010,567,9.7,289,9.3
1400000US36047101200,36047101200,1012,575,7.1,296,11.5
1400000US36047101400,36047101400,1014,604,11.1,270,15.6
1400000US36047101600,36047101600,1016,403,0,204,0
1400000US36047101800,36047101800,1018,346,2.3,266,0
1400000US36047102000,36047102000,1020,531,5.1,306,3.9
1400000US36047102200,36047102200,1022,557,11,348,9.8
1400000US36047102400,36047102400,1024,462,11,274,6.2
1400000US36047102600,36047102600,1026,701,7.3,479,6.7
1400000US36047102800,36047102800,1028,322,1.9,133,0
1400000US36047103400,36047103400,1034,958,41.9,650,53.4
1400000US36047105801,36047105801,1058.01,1549,25,921,32.4
1400000US36047105804,36047105804,1058.04,1636,26.7,786,22.4
1400000US36047107000,36047107000,1070,172,11.6,129,11.6
1400000US36047107800,36047107800,1078,927,4,302,0
1400000US36047109800,36047109800,1098,422,10.9,192,21.4
1400000US36047110400,36047110400,1104,1103,15.3,690,20.3
1400000US36047110600,36047110600,1106,1314,30.7,836,40.8
1400000US36047111000,36047111000,1110,954,47.6,599,50.8
1400000US36047111600,36047111600,1116,623,33.4,417,45.1
1400000US36047111800,36047111800,1118,624,34.6,455,43.3
1400000US36047112000,36047112000,1120,871,28.5,537,35
1400000US36047112200,36047112200,1122,813,34.6,562,36.5
1400000US36047112400,36047112400,1124,861,26.7,540,31.3
1400000US36047112600,36047112600,1126,827,30.5,593,35.6
1400000US36047112800,36047112800,1128,992,27.8,531,42.7
1400000US36047113000,36047113000,1130,1070,44.1,750,52.8
1400000US36047113200,36047113200,1132,550,14.7,379,20.3
1400000US36047113400,36047113400,1134,573,44.7,373,47.7
1400000US36047114201,36047114201,1142.01,427,0.9,233,1.7
1400000US36047114202,36047114202,1142.02,581,32.2,344,50.6
1400000US36047114400,36047114400,1144,629,42.3,483,52.2
1400000US36047114600,36047114600,1146,663,27.6,411,31.6
1400000US36047115000,36047115000,1150,507,29.2,313,28.4
1400000US36047115200,36047115200,1152,743,41.6,489,44.6
1400000US36047115600,36047115600,1156,1148,57.1,864,66
1400000US36047115800,36047115800,1158,661,18.2,361,26.9
1400000US36047116000,36047116000,1160,584,35.1,370,51.1
1400000US36047116200,36047116200,1162,514,22.2,250,37.2
1400000US36047116400,36047116400,1164,782,22.9,469,20.5
1400000US36047116600,36047116600,1166,664,34.9,451,36.8
1400000US36047116800,36047116800,1168,355,33,234,41.9
1400000US36047117000,36047117000,1170,449,29,258,43.4
1400000US36047117201,36047117201,1172.01,586,14,377,19.1
1400000US36047117202,36047117202,1172.02,868,21.8,596,25.8
1400000US36047117400,36047117400,1174,877,21.6,370,39.7
1400000US36047117601,36047117601,1176.01,688,23.7,510,23.3
1400000US36047117602,36047117602,1176.02,601,33.3,352,37.2
1400000US36047117800,36047117800,1178,315,30.8,161,52.8
1400000US36047118000,36047118000,1180,0,0,0,0
1400000US36047118201,36047118201,1182.01,749,30.6,459,39.9
1400000US36047118202,36047118202,1182.02,682,33.1,443,37.9
1400000US36047118400,36047118400,1184,1061,29.4,752,31.6
1400000US36047118600,36047118600,1186,665,31.9,499,35.7
1400000US36047118800,36047118800,1188,952,38.9,552,59.4
1400000US36047119000,36047119000,1190,602,42.2,344,61
1400000US36047119200,36047119200,1192,786,41.1,523,55.1
1400000US36047119400,36047119400,1194,893,27,597,36.5
1400000US36047119600,36047119600,1196,1219,28.4,754,34.6
1400000US36047119800,36047119800,1198,706,35.6,586,35
1400000US36047120000,36047120000,1200,405,40.2,248,44.4
1400000US36047120200,36047120200,1202,450,30.7,320,41.3
1400000US36047120800,36047120800,1208,2103,20.8,1483,28.3
1400000US36047121000,36047121000,1210,1051,55.3,638,64.3
1400000US36047121400,36047121400,1214,1044,46.6,781,52
1400000US36047122000,36047122000,1220,1311,24.3,1013,31.4
1400000US36047123700,36047123700,1237,1066,51,911,58.4
1400000US36047150200,36047150200,1502,769,2.2,413,1.7
1400000US36047152200,36047152200,1522,776,7.5,360,5.3
1400000US36047990100,36047990100,9901,0,0,0,0