GEOId,GEO.Id2,Census Tract,All income levels; Families,Below poverty level; Families,Percent below poverty level; Families,All income levels; Families - children under 18 ,Below poverty level; Families -  children under 18,Percent below poverty level; Families -  children under 18 ,All income levels; Families -  children under 5 years,Below poverty level; Families -children under 5 ,Percent below poverty level; Families - children under 5 
1400000US36047000100,36047000100,1,839,18,2.1,329,17,5.2,137,17,12.4
1400000US36047000200,36047000200,2,258,89,34.5,167,60,35.9,77,10,13
1400000US36047000301,36047000301,3.01,989,29,2.9,402,12,3,209,12,5.7
1400000US36047000302,36047000302,3.02,72,0,0,42,0,0,11,0,0
1400000US36047000500,36047000500,5,1103,40,3.6,453,8,1.8,191,0,0
1400000US36047000700,36047000700,7,728,12,1.6,339,12,3.5,172,0,0
1400000US36047000900,36047000900,9,374,0,0,191,0,0,71,0,0
1400000US36047001100,36047001100,11,50,0,0,0,0,(X),0,0,(X)
1400000US36047001300,36047001300,13,354,14,4,91,0,0,18,0,0
1400000US36047001800,36047001800,18,2,0,0,2,0,0,0,0,(X)
1400000US36047002000,36047002000,20,351,90,25.6,219,69,31.5,102,49,48
1400000US36047002100,36047002100,21,193,6,3.1,68,6,8.8,43,0,0
1400000US36047002200,36047002200,22,1017,223,21.9,551,150,27.2,212,77,36.3
1400000US36047002300,36047002300,23,1193,668,56,859,517,60.2,305,229,75.1
1400000US36047002500,36047002500,25,431,181,42,293,115,39.2,146,54,37
1400000US36047002700,36047002700,27,109,46,42.2,54,19,35.2,21,0,0
1400000US36047002901,36047002901,29.01,937,524,55.9,680,446,65.6,282,180,63.8
1400000US36047002902,36047002902,29.02,157,30,19.1,107,30,28,23,0,0
1400000US36047003000,36047003000,30,499,83,16.6,234,48,20.5,169,40,23.7
1400000US36047003100,36047003100,31,404,82,20.3,206,46,22.3,41,22,53.7
1400000US36047003200,36047003200,32,0,0,0,0,0,0,0,0,0
1400000US36047003300,36047003300,33,395,59,14.9,145,46,31.7,84,36,42.9
1400000US36047003400,36047003400,34,742,42,5.7,301,19,6.3,195,12,6.2
1400000US36047003500,36047003500,35,233,11,4.7,127,11,8.7,42,5,11.9
1400000US36047003600,36047003600,36,1000,158,15.8,431,111,25.8,149,30,20.1
1400000US36047003700,36047003700,37,34,15,44.1,23,15,65.2,0,0,0
1400000US36047003800,36047003800,38,413,13,3.1,140,6,4.3,69,6,8.7
1400000US36047003900,36047003900,39,387,43,11.1,169,30,17.8,90,11,12.2
1400000US36047004000,36047004000,40,399,0,0,180,0,0,72,0,0
1400000US36047004100,36047004100,41,551,6,1.1,229,1,0.4,119,0,0
1400000US36047004200,36047004200,42,285,3,1.1,137,0,0,46,0,0
1400000US36047004300,36047004300,43,458,36,7.9,181,22,12.2,64,9,14.1
1400000US36047004500,36047004500,45,834,11,1.3,316,0,0,134,0,0
1400000US36047004600,36047004600,46,331,7,2.1,176,7,4,59,0,0
1400000US36047004700,36047004700,47,260,44,16.9,177,38,21.5,85,28,32.9
1400000US36047004900,36047004900,49,540,31,5.7,193,22,11.4,91,0,0
1400000US36047005000,36047005000,50,514,14,2.7,254,14,5.5,94,0,0
1400000US36047005100,36047005100,51,499,47,9.4,208,0,0,62,0,0
1400000US36047005201,36047005201,52.01,344,17,4.9,75,7,9.3,22,0,0
1400000US36047005202,36047005202,52.02,593,30,5.1,177,24,13.6,74,10,13.5
1400000US36047005400,36047005400,54,789,69,8.7,315,26,8.3,171,4,2.3
1400000US36047005500,36047005500,55,30,0,0,27,0,0,13,0,0
1400000US36047005601,36047005601,56.01,569,24,4.2,188,24,12.8,94,16,17
1400000US36047005602,36047005602,56.02,347,55,15.9,114,31,27.2,54,25,46.3
1400000US36047005700,36047005700,57,403,82,20.3,264,69,26.1,142,31,21.8
1400000US36047005800,36047005800,58,799,81,10.1,343,58,16.9,149,22,14.8
1400000US36047005900,36047005900,59,207,70,33.8,134,65,48.5,82,42,51.2
1400000US36047006000,36047006000,60,739,107,14.5,309,52,16.8,140,18,12.9
1400000US36047006200,36047006200,62,756,99,13.1,367,70,19.1,211,31,14.7
1400000US36047006300,36047006300,63,425,31,7.3,186,24,12.9,115,6,5.2
1400000US36047006400,36047006400,64,854,88,10.3,364,72,19.8,166,49,29.5
1400000US36047006500,36047006500,65,1221,77,6.3,445,51,11.5,272,9,3.3
1400000US36047006600,36047006600,66,811,128,15.8,389,82,21.1,177,34,19.2
1400000US36047006700,36047006700,67,869,20,2.3,379,20,5.3,187,0,0
1400000US36047006800,36047006800,68,1116,209,18.7,584,155,26.5,259,80,30.9
1400000US36047006900,36047006900,69,682,48,7,290,37,12.8,135,17,12.6
1400000US36047007000,36047007000,70,650,69,10.6,324,49,15.1,119,29,24.4
1400000US36047007100,36047007100,71,1155,408,35.3,696,313,45,231,100,43.3
1400000US36047007200,36047007200,72,429,112,26.1,262,84,32.1,126,29,23
1400000US36047007400,36047007400,74,1177,258,21.9,770,226,29.4,348,124,35.6
1400000US36047007500,36047007500,75,935,33,3.5,390,25,6.4,170,8,4.7
1400000US36047007600,36047007600,76,1020,228,22.4,629,173,27.5,311,108,34.7
1400000US36047007700,36047007700,77,904,94,10.4,317,54,17,179,16,8.9
1400000US36047007800,36047007800,78,1110,304,27.4,726,251,34.6,347,134,38.6
1400000US36047008000,36047008000,80,963,245,25.4,552,170,30.8,228,79,34.6
1400000US36047008200,36047008200,82,934,229,24.5,611,203,33.2,292,99,33.9
1400000US36047008400,36047008400,84,749,193,25.8,467,141,30.2,188,58,30.9
1400000US36047008500,36047008500,85,1909,982,51.4,1392,810,58.2,593,374,63.1
1400000US36047008600,36047008600,86,0,0,0,0,0,0,0,0,0
1400000US36047008800,36047008800,88,781,196,25.1,460,135,29.3,245,85,34.7
1400000US36047009000,36047009000,90,558,140,25.1,373,128,34.3,148,47,31.8
1400000US36047009200,36047009200,92,1194,361,30.2,807,298,36.9,357,120,33.6
1400000US36047009400,36047009400,94,1136,272,23.9,653,195,29.9,288,94,32.6
1400000US36047009600,36047009600,96,1317,389,29.5,894,322,36,438,149,34
1400000US36047009800,36047009800,98,1385,430,31,943,355,37.6,481,202,42
1400000US36047010000,36047010000,100,1418,344,24.3,894,267,29.9,358,124,34.6
1400000US36047010100,36047010100,101,938,166,17.7,532,124,23.3,212,65,30.7
1400000US36047010200,36047010200,102,1080,324,30,646,256,39.6,281,106,37.7
1400000US36047010400,36047010400,104,1245,420,33.7,735,323,43.9,316,166,52.5
1400000US36047010600,36047010600,106,1249,348,27.9,771,299,38.8,333,192,57.7
1400000US36047010800,36047010800,108,1104,352,31.9,720,273,37.9,355,137,38.6
1400000US36047011000,36047011000,110,477,137,28.7,226,92,40.7,49,41,83.7
1400000US36047011200,36047011200,112,1360,457,33.6,885,353,39.9,418,169,40.4
1400000US36047011400,36047011400,114,828,199,24,506,141,27.9,262,111,42.4
1400000US36047011600,36047011600,116,997,258,25.9,594,217,36.5,229,89,38.9
1400000US36047011700,36047011700,117,589,144,24.4,382,131,34.3,231,96,41.6
1400000US36047011800,36047011800,118,449,146,32.5,256,99,38.7,95,23,24.2
1400000US36047012000,36047012000,120,296,53,17.9,153,39,25.5,79,33,41.8
1400000US36047012100,36047012100,121,358,71,19.8,167,71,42.5,42,16,38.1
1400000US36047012200,36047012200,122,1162,349,30,733,251,34.2,297,99,33.3
1400000US36047012300,36047012300,123,76,40,52.6,46,18,39.1,18,18,100
1400000US36047012400,36047012400,124,409,73,17.8,258,52,20.2,98,20,20.4
1400000US36047012500,36047012500,125,287,43,15,131,22,16.8,39,6,15.4
1400000US36047012700,36047012700,127,769,269,35,487,232,47.6,231,132,57.1
1400000US36047012801,36047012801,128.01,463,90,19.4,222,57,25.7,126,34,27
1400000US36047012802,36047012802,128.02,143,14,9.8,78,14,17.9,30,14,46.7
1400000US36047012901,36047012901,129.01,485,36,7.4,264,36,13.6,88,28,31.8
1400000US36047012902,36047012902,129.02,402,25,6.2,187,15,8,95,7,7.4
1400000US36047013000,36047013000,130,1057,182,17.2,555,172,31,285,100,35.1
1400000US36047013100,36047013100,131,833,145,17.4,490,134,27.3,212,60,28.3
1400000US36047013200,36047013200,132,560,102,18.2,288,63,21.9,120,29,24.2
1400000US36047013300,36047013300,133,783,47,6,380,38,10,209,34,16.3
1400000US36047013400,36047013400,134,986,133,13.5,414,92,22.2,190,37,19.5
1400000US36047013500,36047013500,135,609,46,7.6,352,46,13.1,118,23,19.5
1400000US36047013600,36047013600,136,945,106,11.2,439,72,16.4,235,37,15.7
1400000US36047013700,36047013700,137,590,60,10.2,338,48,14.2,111,16,14.4
1400000US36047013800,36047013800,138,872,108,12.4,351,73,20.8,142,31,21.8
1400000US36047013900,36047013900,139,824,129,15.7,421,71,16.9,208,67,32.2
1400000US36047014000,36047014000,140,550,4,0.7,236,4,1.7,101,0,0
1400000US36047014100,36047014100,141,572,70,12.2,251,52,20.7,139,22,15.8
1400000US36047014200,36047014200,142,816,122,15,387,85,22,174,20,11.5
1400000US36047014300,36047014300,143,791,177,22.4,478,96,20.1,181,10,5.5
1400000US36047014400,36047014400,144,325,16,4.9,110,16,14.5,69,16,23.2
1400000US36047014500,36047014500,145,1051,231,22,634,177,27.9,232,73,31.5
1400000US36047014600,36047014600,146,283,0,0,110,0,0,28,0,0
1400000US36047014700,36047014700,147,531,66,12.4,301,54,17.9,88,7,8
1400000US36047014800,36047014800,148,293,37,12.6,137,24,17.5,59,19,32.2
1400000US36047014900,36047014900,149,958,106,11.1,474,88,18.6,240,54,22.5
1400000US36047015000,36047015000,150,482,46,9.5,183,37,20.2,121,26,21.5
1400000US36047015100,36047015100,151,767,52,6.8,385,32,8.3,212,16,7.5
1400000US36047015300,36047015300,153,625,14,2.2,343,14,4.1,147,5,3.4
1400000US36047015400,36047015400,154,0,0,0,0,0,0,0,0,0
1400000US36047015500,36047015500,155,728,26,3.6,410,15,3.7,127,5,3.9
1400000US36047015600,36047015600,156,161,11,6.8,64,11,17.2,45,11,24.4
1400000US36047015700,36047015700,157,906,17,1.9,477,17,3.6,210,0,0
1400000US36047015800,36047015800,158,360,6,1.7,132,6,4.5,62,0,0
1400000US36047015900,36047015900,159,1022,15,1.5,422,15,3.6,206,15,7.3
1400000US36047016000,36047016000,160,1011,83,8.2,517,69,13.3,260,35,13.5
1400000US36047016100,36047016100,161,514,43,8.4,233,22,9.4,88,6,6.8
1400000US36047016200,36047016200,162,472,24,5.1,221,17,7.7,105,7,6.7
1400000US36047016300,36047016300,163,571,39,6.8,285,20,7,146,0,0
1400000US36047016400,36047016400,164,341,12,3.5,275,12,4.4,148,12,8.1
1400000US36047016500,36047016500,165,1098,7,0.6,580,7,1.2,222,0,0
1400000US36047016700,36047016700,167,1025,30,2.9,471,11,2.3,198,0,0
1400000US36047016800,36047016800,168,428,17,4,128,0,0,73,0,0
1400000US36047016900,36047016900,169,1035,125,12.1,463,71,15.3,251,29,11.6
1400000US36047017000,36047017000,170,743,56,7.5,299,25,8.4,117,16,13.7
1400000US36047017100,36047017100,171,792,11,1.4,391,11,2.8,140,0,0
1400000US36047017200,36047017200,172,723,77,10.7,289,44,15.2,111,14,12.6
1400000US36047017300,36047017300,173,91,0,0,33,0,0,15,0,0
1400000US36047017400,36047017400,174,469,32,6.8,249,26,10.4,94,12,12.8
1400000US36047017500,36047017500,175,0,0,0,0,0,0,0,0,0
1400000US36047017600,36047017600,176,613,82,13.4,246,30,12.2,84,10,11.9
1400000US36047017700,36047017700,177,0,0,0,0,0,0,0,0,0
1400000US36047017800,36047017800,178,624,155,24.8,327,97,29.7,190,64,33.7
1400000US36047017900,36047017900,179,631,93,14.7,388,78,20.1,191,54,28.3
1400000US36047018000,36047018000,180,704,47,6.7,281,40,14.2,105,17,16.2
1400000US36047018100,36047018100,181,659,48,7.3,344,21,6.1,130,14,10.8
1400000US36047018200,36047018200,182,803,131,16.3,434,93,21.4,129,30,23.3
1400000US36047018300,36047018300,183,515,67,13,292,44,15.1,147,35,23.8
1400000US36047018400,36047018400,184,532,54,10.2,227,36,15.9,128,17,13.3
1400000US36047018501,36047018501,185.01,1031,431,41.8,797,392,49.2,243,125,51.4
1400000US36047018502,36047018502,185.02,174,68,39.1,109,68,62.4,38,31,81.6
1400000US36047018600,36047018600,186,483,71,14.7,229,47,20.5,120,23,19.2
1400000US36047018700,36047018700,187,329,59,17.9,150,46,30.7,64,14,21.9
1400000US36047018800,36047018800,188,629,72,11.4,284,49,17.3,119,23,19.3
1400000US36047018900,36047018900,189,24,0,0,14,0,0,14,0,0
1400000US36047019000,36047019000,190,1175,315,26.8,661,228,34.5,301,104,34.6
1400000US36047019100,36047019100,191,475,157,33.1,284,116,40.8,116,48,41.4
1400000US36047019200,36047019200,192,539,130,24.1,332,99,29.8,171,36,21.1
1400000US36047019300,36047019300,193,832,114,13.7,325,66,20.3,194,56,28.9
1400000US36047019400,36047019400,194,788,118,15,378,68,18,201,37,18.4
1400000US36047019500,36047019500,195,846,110,13,453,90,19.9,195,44,22.6
1400000US36047019600,36047019600,196,863,158,18.3,442,95,21.5,230,55,23.9
1400000US36047019700,36047019700,197,792,70,8.8,309,41,13.3,105,0,0
1400000US36047019800,36047019800,198,443,35,7.9,178,18,10.1,72,0,0
1400000US36047019900,36047019900,199,588,61,10.4,327,50,15.3,155,10,6.5
1400000US36047020000,36047020000,200,488,32,6.6,181,27,14.9,74,14,18.9
1400000US36047020100,36047020100,201,711,84,11.8,388,65,16.8,111,15,13.5
1400000US36047020200,36047020200,202,500,50,10,205,13,6.3,62,0,0
1400000US36047020300,36047020300,203,229,32,14,179,32,17.9,78,11,14.1
1400000US36047020400,36047020400,204,523,53,10.1,236,21,8.9,95,0,0
1400000US36047020500,36047020500,205,516,85,16.5,281,65,23.1,117,13,11.1
1400000US36047020600,36047020600,206,614,57,9.3,260,29,11.2,64,0,0
1400000US36047020700,36047020700,207,1002,135,13.5,504,99,19.6,238,71,29.8
1400000US36047020800,36047020800,208,645,57,8.8,264,43,16.3,102,31,30.4
1400000US36047021000,36047021000,210,889,177,19.9,437,130,29.7,177,64,36.2
1400000US36047021200,36047021200,212,886,222,25.1,425,158,37.2,192,71,37
1400000US36047021300,36047021300,213,1197,290,24.2,792,217,27.4,268,110,41
1400000US36047021400,36047021400,214,431,79,18.3,293,64,21.8,162,41,25.3
1400000US36047021500,36047021500,215,1289,230,17.8,710,166,23.4,212,56,26.4
1400000US36047021600,36047021600,216,783,154,19.7,503,142,28.2,253,94,37.2
1400000US36047021700,36047021700,217,924,145,15.7,580,100,17.2,234,29,12.4
1400000US36047021800,36047021800,218,809,234,28.9,569,214,37.6,259,121,46.7
1400000US36047021900,36047021900,219,915,213,23.3,586,158,27,272,116,42.6
1400000US36047022000,36047022000,220,998,239,23.9,575,189,32.9,322,135,41.9
1400000US36047022100,36047022100,221,812,251,30.9,548,226,41.2,264,108,40.9
1400000US36047022200,36047022200,222,1018,313,30.7,620,277,44.7,310,171,55.2
1400000US36047022300,36047022300,223,858,209,24.4,569,165,29,179,79,44.1
1400000US36047022400,36047022400,224,1110,302,27.2,669,231,34.5,385,147,38.2
1400000US36047022500,36047022500,225,150,49,32.7,76,32,42.1,51,26,51
1400000US36047022600,36047022600,226,513,181,35.3,322,165,51.2,151,83,55
1400000US36047022700,36047022700,227,780,188,24.1,473,157,33.2,212,98,46.2
1400000US36047022800,36047022800,228,634,242,38.2,449,202,45,240,84,35
1400000US36047022900,36047022900,229,750,229,30.5,470,210,44.7,205,116,56.6
1400000US36047023000,36047023000,230,822,316,38.4,557,250,44.9,373,166,44.5
1400000US36047023100,36047023100,231,596,100,16.8,378,52,13.8,176,17,9.7
1400000US36047023200,36047023200,232,1237,435,35.2,777,346,44.5,466,263,56.4
1400000US36047023300,36047023300,233,1089,385,35.4,793,329,41.5,314,131,41.7
1400000US36047023400,36047023400,234,1014,362,35.7,587,293,49.9,414,235,56.8
1400000US36047023500,36047023500,235,484,188,38.8,316,138,43.7,141,65,46.1
1400000US36047023600,36047023600,236,1226,443,36.1,661,305,46.1,438,241,55
1400000US36047023700,36047023700,237,225,103,45.8,151,90,59.6,84,51,60.7
1400000US36047023800,36047023800,238,1123,355,31.6,599,280,46.7,365,224,61.4
1400000US36047023900,36047023900,239,70,17,24.3,28,0,0,10,0,0
1400000US36047024000,36047024000,240,1066,244,22.9,542,185,34.1,275,109,39.6
1400000US36047024100,36047024100,241,302,100,33.1,146,47,32.2,64,30,46.9
1400000US36047024200,36047024200,242,683,184,26.9,486,159,32.7,333,103,30.9
1400000US36047024300,36047024300,243,932,242,26,606,181,29.9,251,61,24.3
1400000US36047024400,36047024400,244,726,94,12.9,368,70,19,215,23,10.7
1400000US36047024500,36047024500,245,806,223,27.7,489,174,35.6,195,106,54.4
1400000US36047024600,36047024600,246,755,101,13.4,345,60,17.4,161,14,8.7
1400000US36047024700,36047024700,247,477,168,35.2,306,130,42.5,104,34,32.7
1400000US36047024800,36047024800,248,691,155,22.4,316,119,37.7,109,41,37.6
1400000US36047024900,36047024900,249,957,171,17.9,559,103,18.4,203,39,19.2
1400000US36047025000,36047025000,250,384,67,17.4,223,35,15.7,61,11,18
1400000US36047025100,36047025100,251,831,240,28.9,614,192,31.3,203,78,38.4
1400000US36047025200,36047025200,252,1239,191,15.4,546,125,22.9,215,68,31.6
1400000US36047025300,36047025300,253,564,135,23.9,394,110,27.9,175,62,35.4
1400000US36047025400,36047025400,254,870,154,17.7,389,96,24.7,150,33,22
1400000US36047025500,36047025500,255,1291,644,49.9,918,485,52.8,307,164,53.4
1400000US36047025600,36047025600,256,770,137,17.8,330,79,23.9,100,29,29
1400000US36047025700,36047025700,257,484,98,20.2,335,70,20.9,158,30,19
1400000US36047025800,36047025800,258,1153,247,21.4,554,124,22.4,129,27,20.9
1400000US36047025901,36047025901,259.01,412,177,43,325,142,43.7,154,95,61.7
1400000US36047025902,36047025902,259.02,768,369,48,551,308,55.9,237,162,68.4
1400000US36047026000,36047026000,260,896,183,20.4,405,93,23,202,57,28.2
1400000US36047026100,36047026100,261,1071,445,41.5,778,375,48.2,383,236,61.6
1400000US36047026200,36047026200,262,616,108,17.5,368,88,23.9,118,21,17.8
1400000US36047026300,36047026300,263,424,139,32.8,238,98,41.2,91,42,46.2
1400000US36047026400,36047026400,264,1100,236,21.5,500,121,24.2,190,48,25.3
1400000US36047026500,36047026500,265,872,269,30.8,594,210,35.4,290,125,43.1
1400000US36047026600,36047026600,266,924,62,6.7,434,44,10.1,161,25,15.5
1400000US36047026700,36047026700,267,884,208,23.5,512,136,26.6,177,82,46.3
1400000US36047026800,36047026800,268,1132,212,18.7,556,123,22.1,195,69,35.4
1400000US36047026900,36047026900,269,633,170,26.9,401,117,29.2,188,61,32.4
1400000US36047027000,36047027000,270,619,88,14.2,294,54,18.4,104,26,25
1400000US36047027101,36047027101,271.01,336,91,27.1,238,75,31.5,53,17,32.1
1400000US36047027102,36047027102,271.02,256,89,34.8,203,70,34.5,56,23,41.1
1400000US36047027200,36047027200,272,971,192,19.8,440,106,24.1,182,46,25.3
1400000US36047027300,36047027300,273,718,165,23,440,148,33.6,139,69,49.6
1400000US36047027400,36047027400,274,777,169,21.8,355,100,28.2,100,68,68
1400000US36047027500,36047027500,275,908,273,30.1,529,243,45.9,210,131,62.4
1400000US36047027600,36047027600,276,896,209,23.3,414,146,35.3,148,31,20.9
1400000US36047027700,36047027700,277,959,339,35.3,708,272,38.4,251,90,35.9
1400000US36047027800,36047027800,278,754,148,19.6,293,72,24.6,87,14,16.1
1400000US36047027900,36047027900,279,950,341,35.9,684,285,41.7,335,177,52.8
1400000US36047028000,36047028000,280,394,64,16.2,170,29,17.1,39,0,0
1400000US36047028100,36047028100,281,885,483,54.6,676,421,62.3,311,211,67.8
1400000US36047028200,36047028200,282,781,127,16.3,331,104,31.4,113,32,28.3
1400000US36047028300,36047028300,283,872,463,53.1,615,351,57.1,166,112,67.5
1400000US36047028400,36047028400,284,1042,209,20.1,560,118,21.1,225,51,22.7
1400000US36047028501,36047028501,285.01,93,31,33.3,57,31,54.4,25,16,64
1400000US36047028502,36047028502,285.02,667,324,48.6,411,253,61.6,113,80,70.8
1400000US36047028600,36047028600,286,1361,332,24.4,506,194,38.3,221,74,33.5
1400000US36047028700,36047028700,287,598,290,48.5,401,207,51.6,187,91,48.7
1400000US36047028800,36047028800,288,863,134,15.5,397,78,19.6,158,37,23.4
1400000US36047028900,36047028900,289,811,270,33.3,558,239,42.8,235,121,51.5
1400000US36047029000,36047029000,290,977,187,19.1,423,135,31.9,149,48,32.2
1400000US36047029100,36047029100,291,723,186,25.7,533,136,25.5,214,71,33.2
1400000US36047029200,36047029200,292,576,120,20.8,211,69,32.7,82,36,43.9
1400000US36047029300,36047029300,293,796,235,29.5,515,196,38.1,223,103,46.2
1400000US36047029400,36047029400,294,397,60,15.1,248,43,17.3,120,27,22.5
1400000US36047029500,36047029500,295,894,176,19.7,542,150,27.7,232,79,34.1
1400000US36047029600,36047029600,296,1397,231,16.5,702,164,23.4,244,58,23.8
1400000US36047029700,36047029700,297,779,182,23.4,471,144,30.6,159,77,48.4
1400000US36047029800,36047029800,298,922,117,12.7,425,68,16,148,30,20.3
1400000US36047029900,36047029900,299,331,97,29.3,223,69,30.9,77,22,28.6
1400000US36047030000,36047030000,300,930,104,11.2,381,52,13.6,121,4,3.3
1400000US36047030100,36047030100,301,583,139,23.8,363,97,26.7,196,72,36.7
1400000US36047030200,36047030200,302,1085,153,14.1,445,89,20,165,63,38.2
1400000US36047030300,36047030300,303,821,331,40.3,596,301,50.5,297,176,59.3
1400000US36047030400,36047030400,304,1078,173,16,477,134,28.1,149,69,46.3
1400000US36047030600,36047030600,306,497,94,18.9,250,44,17.6,70,24,34.3
1400000US36047030700,36047030700,307,988,537,54.4,741,432,58.3,329,237,72
1400000US36047030800,36047030800,308,501,40,8,194,34,17.5,79,15,19
1400000US36047030900,36047030900,309,277,88,31.8,188,63,33.5,76,13,17.1
1400000US36047031100,36047031100,311,589,166,28.2,386,158,40.9,155,61,39.4
1400000US36047031300,36047031300,313,1067,269,25.2,665,206,31,230,89,38.7
1400000US36047031400,36047031400,314,1201,145,12.1,500,92,18.4,223,45,20.2
1400000US36047031500,36047031500,315,1296,319,24.6,806,271,33.6,257,131,51
1400000US36047031701,36047031701,317.01,846,219,25.9,565,185,32.7,294,88,29.9
1400000US36047031702,36047031702,317.02,757,146,19.3,552,121,21.9,205,56,27.3
1400000US36047031900,36047031900,319,1002,203,20.3,554,146,26.4,259,76,29.3
1400000US36047032000,36047032000,320,14,0,0,6,0,0,0,0,0
1400000US36047032100,36047032100,321,1347,263,19.5,787,238,30.2,307,126,41
1400000US36047032300,36047032300,323,984,174,17.7,516,137,26.6,248,60,24.2
1400000US36047032500,36047032500,325,1768,468,26.5,1109,399,36,521,240,46.1
1400000US36047032600,36047032600,326,1718,807,47,1153,629,54.6,462,215,46.5
1400000US36047032700,36047032700,327,954,160,16.8,597,114,19.1,261,68,26.1
1400000US36047032800,36047032800,328,857,272,31.7,543,205,37.8,150,75,50
1400000US36047032900,36047032900,329,1501,389,25.9,947,301,31.8,394,144,36.5
1400000US36047033000,36047033000,330,1330,490,36.8,871,352,40.4,318,135,42.5
1400000US36047033100,36047033100,331,1121,324,28.9,756,216,28.6,359,129,35.9
1400000US36047033300,36047033300,333,993,163,16.4,622,88,14.1,292,32,11
1400000US36047033500,36047033500,335,655,148,22.6,375,92,24.5,179,33,18.4
1400000US36047033600,36047033600,336,1180,223,18.9,677,154,22.7,235,69,29.4
1400000US36047033700,36047033700,337,976,184,18.9,607,141,23.2,349,124,35.5
1400000US36047033900,36047033900,339,1195,190,15.9,639,99,15.5,277,27,9.7
1400000US36047034000,36047034000,340,509,179,35.2,262,141,53.8,124,73,58.9
1400000US36047034100,36047034100,341,612,101,16.5,371,86,23.2,222,63,28.4
1400000US36047034200,36047034200,342,1599,726,45.4,1097,585,53.3,469,294,62.7
1400000US36047034300,36047034300,343,1318,461,35,758,370,48.8,388,202,52.1
1400000US36047034500,36047034500,345,561,89,15.9,327,39,11.9,97,9,9.3
1400000US36047034700,36047034700,347,856,401,46.8,599,292,48.7,251,139,55.4
1400000US36047034801,36047034801,348.01,227,49,21.6,130,35,26.9,59,22,37.3
1400000US36047034802,36047034802,348.02,203,103,50.7,114,73,64,50,39,78
1400000US36047034900,36047034900,349,1353,377,27.9,869,252,29,357,125,35
1400000US36047035000,36047035000,350,1050,132,12.6,439,52,11.8,156,17,10.9
1400000US36047035100,36047035100,351,1198,301,25.1,763,216,28.3,328,105,32
1400000US36047035200,36047035200,352,126,33,26.2,23,17,73.9,0,0,0
1400000US36047035300,36047035300,353,1354,400,29.5,931,305,32.8,411,192,46.7
1400000US36047035400,36047035400,354,1646,114,6.9,473,46,9.7,149,0,0
1400000US36047035500,36047035500,355,1308,314,24,840,254,30.2,377,155,41.1
1400000US36047035600,36047035600,356,2369,187,7.9,649,57,8.8,164,34,20.7
1400000US36047035700,36047035700,357,583,202,34.6,434,182,41.9,189,73,38.6
1400000US36047035900,36047035900,359,1314,497,37.8,952,413,43.4,419,228,54.4
1400000US36047036001,36047036001,360.01,919,151,16.4,274,49,17.9,74,14,18.9
1400000US36047036002,36047036002,360.02,1140,286,25.1,332,100,30.1,115,63,54.8
1400000US36047036100,36047036100,361,583,223,38.3,458,179,39.1,212,119,56.1
1400000US36047036200,36047036200,362,1002,383,38.2,628,293,46.7,308,179,58.1
1400000US36047036300,36047036300,363,713,366,51.3,545,320,58.7,204,129,63.2
1400000US36047036400,36047036400,364,723,202,27.9,398,122,30.7,134,41,30.6
1400000US36047036501,36047036501,365.01,624,252,40.4,418,185,44.3,198,135,68.2
1400000US36047036502,36047036502,365.02,202,74,36.6,128,74,57.8,67,49,73.1
1400000US36047036600,36047036600,366,922,176,19.1,545,118,21.7,245,71,29
1400000US36047036700,36047036700,367,378,135,35.7,293,98,33.4,74,19,25.7
1400000US36047036900,36047036900,369,1182,475,40.2,843,378,44.8,472,247,52.3
1400000US36047037000,36047037000,370,1118,101,9,469,51,10.9,132,11,8.3
1400000US36047037100,36047037100,371,981,299,30.5,774,269,34.8,309,117,37.9
1400000US36047037300,36047037300,373,963,309,32.1,702,240,34.2,306,110,35.9
1400000US36047037400,36047037400,374,2588,276,10.7,1027,114,11.1,396,46,11.6
1400000US36047037500,36047037500,375,688,218,31.7,412,180,43.7,234,107,45.7
1400000US36047037700,36047037700,377,948,251,26.5,595,194,32.6,202,114,56.4
1400000US36047037900,36047037900,379,660,182,27.6,451,152,33.7,214,66,30.8
1400000US36047038100,36047038100,381,1238,459,37.1,803,359,44.7,275,136,49.5
1400000US36047038200,36047038200,382,1557,703,45.2,975,508,52.1,389,204,52.4
1400000US36047038300,36047038300,383,1002,223,22.3,671,198,29.5,277,108,39
1400000US36047038500,36047038500,385,853,195,22.9,596,169,28.4,216,68,31.5
1400000US36047038600,36047038600,386,884,230,26,438,168,38.4,180,108,60
1400000US36047038700,36047038700,387,791,224,28.3,501,190,37.9,215,82,38.1
1400000US36047038800,36047038800,388,1044,154,14.8,462,113,24.5,201,66,32.8
1400000US36047038900,36047038900,389,512,143,27.9,327,123,37.6,167,78,46.7
1400000US36047039000,36047039000,390,604,61,10.1,257,34,13.2,120,8,6.7
1400000US36047039100,36047039100,391,309,108,35,251,103,41,94,33,35.1
1400000US36047039200,36047039200,392,759,200,26.4,384,145,37.8,169,89,52.7
1400000US36047039300,36047039300,393,578,181,31.3,407,162,39.8,141,65,46.1
1400000US36047039400,36047039400,394,629,186,29.6,333,118,35.4,139,62,44.6
1400000US36047039500,36047039500,395,777,170,21.9,450,155,34.4,219,66,30.1
1400000US36047039600,36047039600,396,545,103,18.9,250,70,28,112,58,51.8
1400000US36047039700,36047039700,397,726,235,32.4,465,177,38.1,253,101,39.9
1400000US36047039800,36047039800,398,607,122,20.1,314,88,28,108,40,37
1400000US36047039900,36047039900,399,777,299,38.5,590,239,40.5,266,103,38.7
1400000US36047040000,36047040000,400,775,127,16.4,335,86,25.7,153,39,25.5
1400000US36047040100,36047040100,401,716,274,38.3,532,243,45.7,172,110,64
1400000US36047040200,36047040200,402,636,102,16,325,76,23.4,87,18,20.7
1400000US36047040300,36047040300,403,696,209,30,502,160,31.9,202,87,43.1
1400000US36047040400,36047040400,404,569,69,12.1,258,51,19.8,91,32,35.2
1400000US36047040500,36047040500,405,304,88,28.9,188,71,37.8,84,38,45.2
1400000US36047040600,36047040600,406,850,143,16.8,446,121,27.1,176,53,30.1
1400000US36047040700,36047040700,407,0,0,0,0,0,0,0,0,0
1400000US36047040800,36047040800,408,781,141,18.1,414,130,31.4,160,59,36.9
1400000US36047040900,36047040900,409,841,327,38.9,566,258,45.6,288,104,36.1
1400000US36047041000,36047041000,410,472,77,16.3,164,64,39,48,11,22.9
1400000US36047041100,36047041100,411,639,226,35.4,436,201,46.1,219,104,47.5
1400000US36047041200,36047041200,412,761,141,18.5,368,90,24.5,145,34,23.4
1400000US36047041300,36047041300,413,700,232,33.1,510,191,37.5,201,77,38.3
1400000US36047041401,36047041401,414.01,354,26,7.3,148,12,8.1,57,5,8.8
1400000US36047041402,36047041402,414.02,449,84,18.7,211,33,15.6,58,15,25.9
1400000US36047041500,36047041500,415,870,323,37.1,652,301,46.2,294,151,51.4
1400000US36047041600,36047041600,416,606,114,18.8,331,98,29.6,171,56,32.7
1400000US36047041700,36047041700,417,783,330,42.1,585,308,52.6,322,176,54.7
1400000US36047041800,36047041800,418,608,139,22.9,306,94,30.7,151,42,27.8
1400000US36047041900,36047041900,419,894,294,32.9,635,262,41.3,290,128,44.1
1400000US36047042000,36047042000,420,491,101,20.6,315,88,27.9,141,41,29.1
1400000US36047042100,36047042100,421,778,279,35.9,553,253,45.8,252,151,59.9
1400000US36047042200,36047042200,422,857,162,18.9,452,96,21.2,268,74,27.6
1400000US36047042300,36047042300,423,660,298,45.2,494,265,53.6,220,161,73.2
1400000US36047042400,36047042400,424,907,182,20.1,466,103,22.1,228,66,28.9
1400000US36047042500,36047042500,425,601,239,39.8,429,226,52.7,244,122,50
1400000US36047042600,36047042600,426,1022,210,20.5,479,123,25.7,199,77,38.7
1400000US36047042700,36047042700,427,1259,539,42.8,979,476,48.6,603,318,52.7
1400000US36047042800,36047042800,428,966,166,17.2,398,68,17.1,160,28,17.5
1400000US36047042900,36047042900,429,1367,646,47.3,994,521,52.4,550,317,57.6
1400000US36047043000,36047043000,430,903,196,21.7,364,87,23.9,101,23,22.8
1400000US36047043100,36047043100,431,1280,493,38.5,1005,457,45.5,544,282,51.8
1400000US36047043200,36047043200,432,1020,186,18.2,482,100,20.7,218,49,22.5
1400000US36047043300,36047043300,433,834,336,40.3,567,278,49,264,138,52.3
1400000US36047043400,36047043400,434,913,177,19.4,471,102,21.7,127,51,40.2
1400000US36047043500,36047043500,435,1009,313,31,745,302,40.5,370,169,45.7
1400000US36047043600,36047043600,436,1115,178,16,513,129,25.1,156,45,28.8
1400000US36047043700,36047043700,437,1178,416,35.3,808,320,39.6,312,165,52.9
1400000US36047043800,36047043800,438,650,82,12.6,353,56,15.9,110,20,18.2
1400000US36047043900,36047043900,439,862,207,24,587,180,30.7,261,52,19.9
1400000US36047044000,36047044000,440,726,183,25.2,408,127,31.1,205,64,31.2
1400000US36047044100,36047044100,441,1262,436,34.5,945,388,41.1,422,169,40
1400000US36047044200,36047044200,442,677,140,20.7,351,84,23.9,200,44,22
1400000US36047044300,36047044300,443,1212,365,30.1,843,299,35.5,389,149,38.3
1400000US36047044400,36047044400,444,775,173,22.3,356,106,29.8,141,75,53.2
1400000US36047044500,36047044500,445,1063,290,27.3,744,266,35.8,321,148,46.1
1400000US36047044600,36047044600,446,500,73,14.6,263,61,23.2,113,19,16.8
1400000US36047044700,36047044700,447,413,134,32.4,257,109,42.4,115,58,50.4
1400000US36047044800,36047044800,448,335,24,7.2,205,18,8.8,100,18,18
1400000US36047045000,36047045000,450,346,30,8.7,178,12,6.7,82,0,0
1400000US36047045200,36047045200,452,683,70,10.2,348,36,10.3,160,36,22.5
1400000US36047045300,36047045300,453,344,152,44.2,255,133,52.2,127,68,53.5
1400000US36047045400,36047045400,454,431,51,11.8,227,41,18.1,113,19,16.8
1400000US36047045500,36047045500,455,7,0,0,0,0,0,0,0,0
1400000US36047045600,36047045600,456,602,54,9,250,37,14.8,102,18,17.6
1400000US36047045800,36047045800,458,356,21,5.9,175,0,0,52,0,0
1400000US36047046001,36047046001,460.01,736,116,15.8,363,69,19,117,16,13.7
1400000US36047046002,36047046002,460.02,149,0,0,77,0,0,34,0,0
1400000US36047046201,36047046201,462.01,595,95,16,296,65,22,169,39,23.1
1400000US36047046202,36047046202,462.02,363,76,20.9,209,47,22.5,110,27,24.5
1400000US36047046400,36047046400,464,499,134,26.9,329,109,33.1,187,81,43.3
1400000US36047046500,36047046500,465,589,336,57,419,303,72.3,154,117,76
1400000US36047046800,36047046800,468,257,11,4.3,142,6,4.2,101,6,5.9
1400000US36047047000,36047047000,470,630,147,23.3,367,128,34.9,224,107,47.8
1400000US36047047200,36047047200,472,674,181,26.9,394,129,32.7,188,99,52.7
1400000US36047047300,36047047300,473,132,7,5.3,69,7,10.1,19,7,36.8
1400000US36047047400,36047047400,474,687,163,23.7,403,113,28,195,105,53.8
1400000US36047047600,36047047600,476,811,168,20.7,488,148,30.3,241,81,33.6
1400000US36047047700,36047047700,477,518,89,17.2,195,73,37.4,97,63,64.9
1400000US36047047800,36047047800,478,1011,242,23.9,708,219,30.9,365,151,41.4
1400000US36047048000,36047048000,480,759,229,30.2,451,172,38.1,217,67,30.9
1400000US36047048100,36047048100,481,560,156,27.9,336,119,35.4,159,76,47.8
1400000US36047048200,36047048200,482,1223,308,25.2,601,196,32.6,267,111,41.6
1400000US36047048300,36047048300,483,190,32,16.8,138,32,23.2,69,6,8.7
1400000US36047048400,36047048400,484,1205,289,24,712,202,28.4,353,115,32.6
1400000US36047048600,36047048600,486,781,193,24.7,513,152,29.6,289,80,27.7
1400000US36047048700,36047048700,487,150,6,4,62,0,0,36,0,0
1400000US36047048800,36047048800,488,950,218,22.9,559,177,31.7,324,122,37.7
1400000US36047048900,36047048900,489,942,451,47.9,615,383,62.3,262,153,58.4
1400000US36047049000,36047049000,490,1554,358,23,892,218,24.4,471,111,23.6
1400000US36047049100,36047049100,491,1360,407,29.9,725,265,36.6,264,99,37.5
1400000US36047049200,36047049200,492,768,214,27.9,441,119,27,199,75,37.7
1400000US36047049300,36047049300,493,1793,606,33.8,1116,471,42.2,394,192,48.7
1400000US36047049400,36047049400,494,1338,280,20.9,626,157,25.1,231,67,29
1400000US36047049500,36047049500,495,578,133,23,309,94,30.4,105,37,35.2
1400000US36047049600,36047049600,496,1081,179,16.6,598,147,24.6,267,58,21.7
1400000US36047049700,36047049700,497,527,47,8.9,192,38,19.8,85,24,28.2
1400000US36047049800,36047049800,498,979,126,12.9,520,85,16.3,202,37,18.3
1400000US36047049900,36047049900,499,396,64,16.2,197,41,20.8,72,30,41.7
1400000US36047050000,36047050000,500,896,103,11.5,405,37,9.1,163,24,14.7
1400000US36047050100,36047050100,501,635,65,10.2,266,38,14.3,98,11,11.2
1400000US36047050201,36047050201,502.01,407,0,0,220,0,0,142,0,0
1400000US36047050202,36047050202,502.02,512,19,3.7,159,4,2.5,100,4,4
1400000US36047050300,36047050300,503,572,71,12.4,326,71,21.8,136,41,30.1
1400000US36047050400,36047050400,504,1029,108,10.5,575,75,13,236,49,20.8
1400000US36047050500,36047050500,505,934,268,28.7,553,234,42.3,184,76,41.3
1400000US36047050600,36047050600,506,1439,465,32.3,1103,393,35.6,444,173,39
1400000US36047050700,36047050700,507,142,76,53.5,106,65,61.3,42,19,45.2
1400000US36047050800,36047050800,508,3278,1006,30.7,2356,859,36.5,1046,427,40.8
1400000US36047050900,36047050900,509,323,171,52.9,282,166,58.9,227,122,53.7
1400000US36047051000,36047051000,510,2278,621,27.3,1614,499,30.9,813,240,29.5
1400000US36047051100,36047051100,511,939,202,21.5,531,160,30.1,175,56,32
1400000US36047051200,36047051200,512,1695,363,21.4,1064,270,25.4,365,137,37.5
1400000US36047051300,36047051300,513,957,291,30.4,552,248,44.9,210,90,42.9
1400000US36047051400,36047051400,514,1803,363,20.1,1201,338,28.1,497,197,39.6
1400000US36047051500,36047051500,515,198,39,19.7,109,34,31.2,57,11,19.3
1400000US36047051600,36047051600,516,2425,706,29.1,1828,582,31.8,770,292,37.9
1400000US36047051700,36047051700,517,247,24,9.7,120,24,20,67,14,20.9
1400000US36047051800,36047051800,518,947,153,16.2,506,126,24.9,166,68,41
1400000US36047051900,36047051900,519,503,74,14.7,260,45,17.3,125,30,24
1400000US36047052000,36047052000,520,1071,239,22.3,616,162,26.3,290,96,33.1
1400000US36047052200,36047052200,522,256,20,7.8,114,3,2.6,40,0,0
1400000US36047052300,36047052300,523,1314,366,27.9,906,279,30.8,474,171,36.1
1400000US36047052400,36047052400,524,550,67,12.2,333,58,17.4,131,23,17.6
1400000US36047052500,36047052500,525,770,404,52.5,525,330,62.9,281,216,76.9
1400000US36047052600,36047052600,526,1094,230,21,634,121,19.1,259,57,22
1400000US36047052700,36047052700,527,1625,650,40,1108,509,45.9,442,230,52
1400000US36047052800,36047052800,528,433,71,16.4,272,52,19.1,119,26,21.8
1400000US36047052900,36047052900,529,888,432,48.6,629,333,52.9,402,234,58.2
1400000US36047053000,36047053000,530,833,211,25.3,468,126,26.9,208,64,30.8
1400000US36047053100,36047053100,531,527,210,39.8,416,182,43.8,286,142,49.7
1400000US36047053200,36047053200,532,765,52,6.8,362,28,7.7,153,17,11.1
1400000US36047053300,36047053300,533,1468,904,61.6,1115,762,68.3,827,595,71.9
1400000US36047053400,36047053400,534,998,333,33.4,588,251,42.7,247,145,58.7
1400000US36047053500,36047053500,535,931,526,56.5,680,444,65.3,506,372,73.5
1400000US36047053600,36047053600,536,203,28,13.8,65,23,35.4,25,4,16
1400000US36047053700,36047053700,537,379,185,48.8,316,170,53.8,218,127,58.3
1400000US36047053800,36047053800,538,1260,255,20.2,528,143,27.1,145,23,15.9
1400000US36047053900,36047053900,539,801,358,44.7,577,314,54.4,236,164,69.5
1400000US36047054000,36047054000,540,648,89,13.7,352,51,14.5,160,42,26.3
1400000US36047054200,36047054200,542,1054,169,16,503,118,23.5,271,69,25.5
1400000US36047054300,36047054300,543,0,0,0,0,0,0,0,0,0
1400000US36047054400,36047054400,544,884,79,8.9,438,42,9.6,168,28,16.7
1400000US36047054500,36047054500,545,1533,798,52.1,1147,706,61.6,601,400,66.6
1400000US36047054600,36047054600,546,1186,122,10.3,486,63,13,175,15,8.6
1400000US36047054700,36047054700,547,699,346,49.5,543,269,49.5,342,211,61.7
1400000US36047054800,36047054800,548,522,51,9.8,253,46,18.2,115,0,0
1400000US36047054900,36047054900,549,335,109,32.5,217,88,40.6,85,34,40
1400000US36047055000,36047055000,550,925,239,25.8,438,135,30.8,128,33,25.8
1400000US36047055100,36047055100,551,885,232,26.2,608,214,35.2,212,82,38.7
1400000US36047055200,36047055200,552,936,164,17.5,363,98,27,63,23,36.5
1400000US36047055300,36047055300,553,527,76,14.4,213,48,22.5,59,19,32.2
1400000US36047055400,36047055400,554,1112,251,22.6,600,179,29.8,288,75,26
1400000US36047055500,36047055500,555,141,27,19.1,42,20,47.6,16,12,75
1400000US36047055600,36047055600,556,924,135,14.6,516,97,18.8,185,50,27
1400000US36047055700,36047055700,557,240,31,12.9,87,11,12.6,55,11,20
1400000US36047055800,36047055800,558,639,141,22.1,287,101,35.2,83,32,38.6
1400000US36047055900,36047055900,559,27,0,0,18,0,0,11,0,0
1400000US36047056000,36047056000,560,958,137,14.3,495,96,19.4,162,41,25.3
1400000US36047056200,36047056200,562,446,61,13.7,230,38,16.5,63,14,22.2
1400000US36047056300,36047056300,563,842,186,22.1,433,124,28.6,170,64,37.6
1400000US36047056400,36047056400,564,663,39,5.9,291,27,9.3,107,22,20.6
1400000US36047056500,36047056500,565,769,97,12.6,344,89,25.9,120,41,34.2
1400000US36047056600,36047056600,566,735,83,11.3,341,27,7.9,105,10,9.5
1400000US36047056700,36047056700,567,761,61,8,332,36,10.8,146,7,4.8
1400000US36047056800,36047056800,568,310,12,3.9,156,12,7.7,42,0,0
1400000US36047056900,36047056900,569,422,8,1.9,187,4,2.1,95,4,4.2
1400000US36047057000,36047057000,570,862,79,9.2,325,38,11.7,101,28,27.7
1400000US36047057100,36047057100,571,1219,140,11.5,550,76,13.8,247,0,0
1400000US36047057200,36047057200,572,1494,572,38.3,942,458,48.6,388,166,42.8
1400000US36047057300,36047057300,573,641,89,13.9,335,62,18.5,109,13,11.9
1400000US36047057400,36047057400,574,705,43,6.1,285,21,7.4,109,15,13.8
1400000US36047057500,36047057500,575,1157,179,15.5,553,123,22.2,152,28,18.4
1400000US36047057600,36047057600,576,712,63,8.8,341,28,8.2,99,8,8.1
1400000US36047057700,36047057700,577,31,0,0,0,0,0,0,0,0
1400000US36047057800,36047057800,578,747,114,15.3,384,69,18,117,23,19.7
1400000US36047057900,36047057900,579,325,49,15.1,169,35,20.7,96,12,12.5
1400000US36047058000,36047058000,580,760,134,17.6,349,53,15.2,140,18,12.9
1400000US36047058200,36047058200,582,783,198,25.3,395,128,32.4,132,35,26.5
1400000US36047058400,36047058400,584,974,90,9.2,439,57,13,150,13,8.7
1400000US36047058600,36047058600,586,559,74,13.2,229,36,15.7,70,7,10
1400000US36047058800,36047058800,588,936,102,10.9,383,72,18.8,157,27,17.2
1400000US36047058900,36047058900,589,423,32,7.6,196,19,9.7,98,4,4.1
1400000US36047059000,36047059000,590,543,62,11.4,255,45,17.6,116,17,14.7
1400000US36047059100,36047059100,591,937,94,10,413,70,16.9,176,50,28.4
1400000US36047059200,36047059200,592,1005,98,9.8,443,52,11.7,142,10,7
1400000US36047059300,36047059300,593,615,101,16.4,325,59,18.2,87,31,35.6
1400000US36047059401,36047059401,594.01,2114,278,13.2,967,195,20.2,355,84,23.7
1400000US36047059402,36047059402,594.02,1328,48,3.6,535,12,2.2,169,0,0
1400000US36047059600,36047059600,596,624,45,7.2,171,10,5.8,64,3,4.7
1400000US36047059800,36047059800,598,849,83,9.8,410,37,9,112,23,20.5
1400000US36047060000,36047060000,600,1623,129,7.9,614,84,13.7,226,55,24.3
1400000US36047060600,36047060600,606,643,126,19.6,209,50,23.9,74,7,9.5
1400000US36047060800,36047060800,608,933,103,11,402,43,10.7,77,5,6.5
1400000US36047061001,36047061001,610.01,2184,456,20.9,845,166,19.6,296,61,20.6
1400000US36047061002,36047061002,610.02,715,73,10.2,235,36,15.3,66,7,10.6
1400000US36047061200,36047061200,612,328,41,12.5,134,26,19.4,53,10,18.9
1400000US36047061400,36047061400,614,269,21,7.8,108,15,13.9,10,5,50
1400000US36047061600,36047061600,616,388,39,10.1,175,15,8.6,24,8,33.3
1400000US36047061800,36047061800,618,233,9,3.9,98,0,0,25,0,0
1400000US36047062200,36047062200,622,653,63,9.6,287,27,9.4,130,15,11.5
1400000US36047062600,36047062600,626,805,97,12,321,32,10,62,0,0
1400000US36047062800,36047062800,628,1512,84,5.6,754,54,7.2,323,39,12.1
1400000US36047063200,36047063200,632,355,11,3.1,126,0,0,22,0,0
1400000US36047063600,36047063600,636,388,0,0,154,0,0,45,0,0
1400000US36047063800,36047063800,638,376,37,9.8,170,23,13.5,65,5,7.7
1400000US36047064000,36047064000,640,444,29,6.5,181,13,7.2,65,8,12.3
1400000US36047064200,36047064200,642,691,62,9,315,38,12.1,120,10,8.3
1400000US36047064400,36047064400,644,604,24,4,354,12,3.4,182,0,0
1400000US36047064600,36047064600,646,566,26,4.6,285,6,2.1,117,0,0
1400000US36047064800,36047064800,648,494,21,4.3,297,21,7.1,112,8,7.1
1400000US36047065000,36047065000,650,367,38,10.4,189,31,16.4,98,24,24.5
1400000US36047065200,36047065200,652,327,17,5.2,147,17,11.6,62,4,6.5
1400000US36047065400,36047065400,654,457,23,5,220,17,7.7,108,8,7.4
1400000US36047065600,36047065600,656,513,15,2.9,235,9,3.8,78,0,0
1400000US36047065800,36047065800,658,487,38,7.8,229,38,16.6,87,0,0
1400000US36047066000,36047066000,660,496,9,1.8,276,9,3.3,125,3,2.4
1400000US36047066200,36047066200,662,367,20,5.4,157,6,3.8,97,6,6.2
1400000US36047066600,36047066600,666,0,0,0,0,0,0,0,0,0
1400000US36047067000,36047067000,670,642,85,13.2,269,41,15.2,125,28,22.4
1400000US36047067200,36047067200,672,354,19,5.4,244,11,4.5,72,0,0
1400000US36047067400,36047067400,674,470,29,6.2,291,19,6.5,78,5,6.4
1400000US36047067600,36047067600,676,459,32,7,282,32,11.3,141,11,7.8
1400000US36047067800,36047067800,678,672,35,5.2,354,24,6.8,112,24,21.4
1400000US36047068000,36047068000,680,463,24,5.2,289,14,4.8,115,8,7
1400000US36047068200,36047068200,682,622,45,7.2,293,18,6.1,106,7,6.6
1400000US36047068600,36047068600,686,399,42,10.5,167,25,15,83,13,15.7
1400000US36047068800,36047068800,688,446,18,4,188,8,4.3,79,0,0
1400000US36047069000,36047069000,690,427,33,7.7,258,14,5.4,89,9,10.1
1400000US36047069200,36047069200,692,661,41,6.2,341,14,4.1,148,4,2.7
1400000US36047069600,36047069600,696,2180,188,8.6,989,104,10.5,309,45,14.6
1400000US36047069800,36047069800,698,323,8,2.5,133,8,6,50,8,16
1400000US36047070000,36047070000,700,498,15,3,262,15,5.7,115,0,0
1400000US36047070201,36047070201,702.01,1927,61,3.2,773,28,3.6,222,21,9.5
1400000US36047070202,36047070202,702.02,42,0,0,6,0,0,0,0,0
1400000US36047070203,36047070203,702.03,0,0,0,0,0,0,0,0,0
1400000US36047070600,36047070600,706,852,23,2.7,311,8,2.6,127,0,0
1400000US36047072000,36047072000,720,389,58,14.9,264,50,18.9,105,27,25.7
1400000US36047072200,36047072200,722,804,89,11.1,397,56,14.1,102,5,4.9
1400000US36047072400,36047072400,724,515,72,14,322,35,10.9,87,15,17.2
1400000US36047072600,36047072600,726,655,28,4.3,408,23,5.6,133,15,11.3
1400000US36047072800,36047072800,728,982,85,8.7,563,57,10.1,196,27,13.8
1400000US36047073000,36047073000,730,580,50,8.6,377,50,13.3,115,11,9.6
1400000US36047073200,36047073200,732,626,40,6.4,330,31,9.4,102,14,13.7
1400000US36047073400,36047073400,734,422,54,12.8,350,47,13.4,130,11,8.5
1400000US36047073600,36047073600,736,853,130,15.2,501,104,20.8,162,55,34
1400000US36047073800,36047073800,738,799,105,13.1,548,82,15,252,40,15.9
1400000US36047074000,36047074000,740,863,166,19.2,560,146,26.1,254,83,32.7
1400000US36047074200,36047074200,742,807,62,7.7,504,46,9.1,242,6,2.5
1400000US36047074400,36047074400,744,553,26,4.7,336,17,5.1,192,9,4.7
1400000US36047074600,36047074600,746,534,63,11.8,255,25,9.8,100,19,19
1400000US36047074800,36047074800,748,486,40,8.2,293,33,11.3,127,12,9.4
1400000US36047075000,36047075000,750,746,82,11,457,74,16.2,245,20,8.2
1400000US36047075200,36047075200,752,279,11,3.9,185,0,0,85,0,0
1400000US36047075400,36047075400,754,388,21,5.4,196,14,7.1,80,0,0
1400000US36047075600,36047075600,756,490,34,6.9,260,23,8.8,151,12,7.9
1400000US36047075800,36047075800,758,452,19,4.2,240,19,7.9,105,19,18.1
1400000US36047076000,36047076000,760,756,131,17.3,381,64,16.8,178,26,14.6
1400000US36047076200,36047076200,762,1131,193,17.1,635,152,23.9,235,64,27.2
1400000US36047076400,36047076400,764,986,217,22,658,170,25.8,258,102,39.5
1400000US36047076600,36047076600,766,555,94,16.9,353,66,18.7,153,25,16.3
1400000US36047077000,36047077000,770,739,83,11.2,500,72,14.4,165,32,19.4
1400000US36047077200,36047077200,772,740,105,14.2,510,89,17.5,155,34,21.9
1400000US36047077400,36047077400,774,758,152,20.1,481,109,22.7,175,59,33.7
1400000US36047077600,36047077600,776,1002,86,8.6,591,52,8.8,229,19,8.3
1400000US36047078000,36047078000,780,620,43,6.9,386,43,11.1,114,10,8.8
1400000US36047078200,36047078200,782,1089,208,19.1,685,178,26,306,94,30.7
1400000US36047078400,36047078400,784,640,39,6.1,366,32,8.7,199,24,12.1
1400000US36047078600,36047078600,786,1080,201,18.6,658,142,21.6,300,90,30
1400000US36047078800,36047078800,788,934,237,25.4,629,219,34.8,292,129,44.2
1400000US36047079000,36047079000,790,1423,308,21.6,854,156,18.3,353,103,29.2
1400000US36047079200,36047079200,792,968,255,26.3,617,188,30.5,245,78,31.8
1400000US36047079400,36047079400,794,482,151,31.3,287,107,37.3,99,45,45.5
1400000US36047079600,36047079600,796,2610,598,22.9,1729,498,28.8,714,226,31.7
1400000US36047079800,36047079800,798,2325,568,24.4,1461,430,29.4,585,189,32.3
1400000US36047080000,36047080000,800,969,126,13,519,110,21.2,228,69,30.3
1400000US36047080200,36047080200,802,1211,180,14.9,722,169,23.4,298,77,25.8
1400000US36047080400,36047080400,804,836,212,25.4,530,165,31.1,182,83,45.6
1400000US36047080600,36047080600,806,710,173,24.4,454,142,31.3,196,62,31.6
1400000US36047081000,36047081000,810,577,102,17.7,326,102,31.3,123,59,48
1400000US36047081200,36047081200,812,0,0,(X),0,0,(X),0,0,(X)
1400000US36047081400,36047081400,814,781,131,16.8,437,95,21.7,204,50,24.5
1400000US36047081600,36047081600,816,728,135,18.5,454,96,21.1,142,32,22.5
1400000US36047081800,36047081800,818,1218,244,20,794,155,19.5,316,67,21.2
1400000US36047082000,36047082000,820,1299,297,22.9,856,262,30.6,333,143,42.9
1400000US36047082200,36047082200,822,1897,384,20.2,1164,296,25.4,394,113,28.7
1400000US36047082400,36047082400,824,1092,190,17.4,713,145,20.3,265,48,18.1
1400000US36047082600,36047082600,826,1506,221,14.7,903,160,17.7,395,77,19.5
1400000US36047082800,36047082800,828,883,226,25.6,575,195,33.9,255,120,47.1
1400000US36047083000,36047083000,830,1679,473,28.2,1071,409,38.2,413,174,42.1
1400000US36047083200,36047083200,832,607,65,10.7,315,25,7.9,79,16,20.3
1400000US36047083400,36047083400,834,489,27,5.5,289,19,6.6,96,5,5.2
1400000US36047083600,36047083600,836,588,81,13.8,371,73,19.7,161,58,36
1400000US36047083800,36047083800,838,623,35,5.6,328,19,5.8,92,0,0
1400000US36047084000,36047084000,840,640,66,10.3,326,59,18.1,65,14,21.5
1400000US36047084200,36047084200,842,309,24,7.8,159,24,15.1,82,18,22
1400000US36047084400,36047084400,844,71,4,5.6,34,4,11.8,6,0,0
1400000US36047084600,36047084600,846,548,61,11.1,312,47,15.1,121,21,17.4
1400000US36047084800,36047084800,848,441,34,7.7,249,26,10.4,121,20,16.5
1400000US36047085000,36047085000,850,384,54,14.1,180,33,18.3,48,22,45.8
1400000US36047085200,36047085200,852,0,0,(X),0,0,(X),0,0,(X)
1400000US36047085400,36047085400,854,537,39,7.3,330,39,11.8,108,20,18.5
1400000US36047085600,36047085600,856,956,129,13.5,543,103,19,205,43,21
1400000US36047085800,36047085800,858,564,50,8.9,334,36,10.8,148,17,11.5
1400000US36047086000,36047086000,860,955,103,10.8,628,86,13.7,251,54,21.5
1400000US36047086200,36047086200,862,905,210,23.2,614,156,25.4,201,63,31.3
1400000US36047086400,36047086400,864,510,144,28.2,289,83,28.7,113,43,38.1
1400000US36047086600,36047086600,866,777,118,15.2,411,81,19.7,140,27,19.3
1400000US36047086800,36047086800,868,871,173,19.9,535,129,24.1,179,27,15.1
1400000US36047087000,36047087000,870,754,100,13.3,483,76,15.7,202,62,30.7
1400000US36047087200,36047087200,872,773,153,19.8,461,112,24.3,159,32,20.1
1400000US36047087401,36047087401,874.01,785,169,21.5,485,141,29.1,168,46,27.4
1400000US36047087402,36047087402,874.02,0,0,0,0,0,0,0,0,0
1400000US36047087600,36047087600,876,445,147,33,277,113,40.8,96,27,28.1
1400000US36047087800,36047087800,878,718,156,21.7,433,114,26.3,153,34,22.2
1400000US36047088000,36047088000,880,668,126,18.9,365,89,24.4,162,63,38.9
1400000US36047088200,36047088200,882,1717,405,23.6,1107,349,31.5,399,161,40.4
1400000US36047088400,36047088400,884,1316,301,22.9,830,258,31.1,361,124,34.3
1400000US36047088600,36047088600,886,1223,297,24.3,821,270,32.9,378,91,24.1
1400000US36047088800,36047088800,888,1095,266,24.3,658,207,31.5,256,95,37.1
1400000US36047089000,36047089000,890,1593,435,27.3,989,314,31.7,386,183,47.4
1400000US36047089200,36047089200,892,1046,293,28,707,263,37.2,308,92,29.9
1400000US36047089400,36047089400,894,890,239,26.9,566,206,36.4,233,97,41.6
1400000US36047089600,36047089600,896,906,226,24.9,615,185,30.1,273,102,37.4
1400000US36047089800,36047089800,898,365,35,9.6,244,19,7.8,97,0,0
1400000US36047090000,36047090000,900,1400,583,41.6,1089,521,47.8,421,234,55.6
1400000US36047090200,36047090200,902,793,348,43.9,539,293,54.4,256,189,73.8
1400000US36047090400,36047090400,904,189,40,21.2,118,40,33.9,50,12,24
1400000US36047090600,36047090600,906,1168,689,59,944,585,62,395,238,60.3
1400000US36047090800,36047090800,908,632,319,50.5,409,247,60.4,183,118,64.5
1400000US36047091000,36047091000,910,1334,716,53.7,906,607,67,413,288,69.7
1400000US36047091200,36047091200,912,1827,1008,55.2,1474,840,57,593,393,66.3
1400000US36047091400,36047091400,914,437,185,42.3,370,172,46.5,146,84,57.5
1400000US36047091600,36047091600,916,945,377,39.9,656,287,43.8,220,100,45.5
1400000US36047091800,36047091800,918,696,256,36.8,506,232,45.8,166,88,53
1400000US36047092000,36047092000,920,754,224,29.7,513,199,38.8,220,122,55.5
1400000US36047092200,36047092200,922,707,127,18,315,113,35.9,101,52,51.5
1400000US36047092800,36047092800,928,715,93,13,396,76,19.2,137,27,19.7
1400000US36047093000,36047093000,930,726,149,20.5,404,80,19.8,201,56,27.9
1400000US36047093400,36047093400,934,649,184,28.4,303,85,28.1,86,36,41.9
1400000US36047093600,36047093600,936,510,31,6.1,247,31,12.6,64,0,0
1400000US36047093800,36047093800,938,712,63,8.8,438,63,14.4,160,28,17.5
1400000US36047094000,36047094000,940,332,34,10.2,184,16,8.7,93,0,0
1400000US36047094200,36047094200,942,176,0,0,103,0,0,40,0,0
1400000US36047094401,36047094401,944.01,793,70,8.8,513,54,10.5,210,9,4.3
1400000US36047094402,36047094402,944.02,772,278,36,464,213,45.9,132,67,50.8
1400000US36047095000,36047095000,950,773,55,7.1,538,37,6.9,193,22,11.4
1400000US36047095400,36047095400,954,1175,192,16.3,727,145,19.9,212,33,15.6
1400000US36047095600,36047095600,956,998,72,7.2,645,65,10.1,251,23,9.2
1400000US36047095800,36047095800,958,876,92,10.5,526,62,11.8,157,18,11.5
1400000US36047096000,36047096000,960,0,0,0,0,0,0,0,0,0
1400000US36047096200,36047096200,962,389,66,17,256,66,25.8,115,15,13
1400000US36047096400,36047096400,964,562,44,7.8,374,35,9.4,86,19,22.1
1400000US36047096600,36047096600,966,543,56,10.3,305,42,13.8,104,6,5.8
1400000US36047096800,36047096800,968,322,41,12.7,236,41,17.4,62,41,66.1
1400000US36047097000,36047097000,970,494,70,14.2,298,61,20.5,152,47,30.9
1400000US36047097400,36047097400,974,459,39,8.5,304,22,7.2,160,6,3.8
1400000US36047098200,36047098200,982,1233,558,45.3,889,435,48.9,375,206,54.9
1400000US36047098400,36047098400,984,552,110,19.9,411,110,26.8,122,59,48.4
1400000US36047098600,36047098600,986,838,100,11.9,530,70,13.2,172,29,16.9
1400000US36047098800,36047098800,988,665,93,14,382,69,18.1,176,47,26.7
1400000US36047099000,36047099000,990,347,39,11.2,268,39,14.6,89,20,22.5
1400000US36047099200,36047099200,992,421,25,5.9,273,7,2.6,80,7,8.8
1400000US36047099400,36047099400,994,532,42,7.9,288,35,12.2,124,14,11.3
1400000US36047099600,36047099600,996,972,120,12.3,674,104,15.4,258,35,13.6
1400000US36047099800,36047099800,998,976,83,8.5,607,51,8.4,183,16,8.7
1400000US36047100400,36047100400,1004,721,52,7.2,421,46,10.9,210,18,8.6
1400000US36047100600,36047100600,1006,706,37,5.2,361,26,7.2,115,0,0
1400000US36047100800,36047100800,1008,532,15,2.8,301,8,2.7,112,0,0
1400000US36047101000,36047101000,1010,553,66,11.9,330,58,17.6,104,21,20.2
1400000US36047101200,36047101200,1012,537,15,2.8,292,15,5.1,141,7,5
1400000US36047101400,36047101400,1014,559,85,15.2,338,74,21.9,94,14,14.9
1400000US36047101600,36047101600,1016,408,48,11.8,237,35,14.8,134,25,18.7
1400000US36047101800,36047101800,1018,517,62,12,388,49,12.6,140,15,10.7
1400000US36047102000,36047102000,1020,526,52,9.9,370,26,7,162,18,11.1
1400000US36047102200,36047102200,1022,563,64,11.4,248,22,8.9,88,6,6.8
1400000US36047102400,36047102400,1024,514,28,5.4,302,21,7,158,21,13.3
1400000US36047102600,36047102600,1026,726,34,4.7,454,29,6.4,162,5,3.1
1400000US36047102800,36047102800,1028,383,37,9.7,249,32,12.9,91,0,0
1400000US36047103400,36047103400,1034,1070,381,35.6,644,279,43.3,250,127,50.8
1400000US36047105800,36047105800,1058,3773,964,25.5,2043,588,28.8,807,259,32.1
1400000US36047107000,36047107000,1070,0,0,0,0,0,0,0,0,0
1400000US36047107800,36047107800,1078,1182,176,14.9,637,105,16.5,254,40,15.7
1400000US36047109800,36047109800,1098,221,49,22.2,168,49,29.2,66,29,43.9
1400000US36047110000,36047110000,1100,187,59,31.6,100,32,32,40,0,0
1400000US36047110200,36047110200,1102,880,226,25.7,535,182,34,206,85,41.3
1400000US36047110600,36047110600,1106,1152,450,39.1,794,336,42.3,251,118,47
1400000US36047111000,36047111000,1110,974,369,37.9,707,310,43.8,260,132,50.8
1400000US36047111200,36047111200,1112,269,15,5.6,159,15,9.4,61,7,11.5
1400000US36047111400,36047111400,1114,310,116,37.4,201,116,57.7,110,72,65.5
1400000US36047111800,36047111800,1118,620,161,26,445,147,33,241,105,43.6
1400000US36047112000,36047112000,1120,826,226,27.4,504,193,38.3,164,71,43.3
1400000US36047112200,36047112200,1122,665,196,29.5,510,196,38.4,254,130,51.2
1400000US36047112400,36047112400,1124,733,165,22.5,514,140,27.2,221,64,29
1400000US36047112600,36047112600,1126,914,306,33.5,683,284,41.6,277,128,46.2
1400000US36047112800,36047112800,1128,963,358,37.2,659,322,48.9,284,127,44.7
1400000US36047113000,36047113000,1130,892,396,44.4,656,351,53.5,320,182,56.9
1400000US36047113200,36047113200,1132,383,168,43.9,271,136,50.2,69,36,52.2
1400000US36047113400,36047113400,1134,556,329,59.2,442,275,62.2,167,127,76
1400000US36047113600,36047113600,1136,12,12,100,12,12,100,3,3,100
1400000US36047113800,36047113800,1138,44,23,52.3,8,8,100,0,0,0
1400000US36047114000,36047114000,1140,159,49,30.8,80,33,41.3,11,0,0
1400000US36047114201,36047114201,1142.01,311,81,26,186,36,19.4,64,7,10.9
1400000US36047114202,36047114202,1142.02,708,130,18.4,475,99,20.8,211,40,19
1400000US36047114600,36047114600,1146,683,168,24.6,512,152,29.7,204,65,31.9
1400000US36047114800,36047114800,1148,517,145,28,349,133,38.1,151,66,43.7
1400000US36047115000,36047115000,1150,394,143,36.3,287,130,45.3,102,42,41.2
1400000US36047115200,36047115200,1152,603,280,46.4,457,226,49.5,198,100,50.5
1400000US36047115400,36047115400,1154,477,245,51.4,343,207,60.3,107,89,83.2
1400000US36047115600,36047115600,1156,965,559,57.9,726,480,66.1,299,210,70.2
1400000US36047115800,36047115800,1158,702,169,24.1,521,169,32.4,199,65,32.7
1400000US36047116000,36047116000,1160,638,212,33.2,426,167,39.2,138,67,48.6
1400000US36047116200,36047116200,1162,588,162,27.6,427,140,32.8,141,55,39
1400000US36047116400,36047116400,1164,648,131,20.2,452,67,14.8,164,48,29.3
1400000US36047116600,36047116600,1166,634,201,31.7,413,177,42.9,211,106,50.2
1400000US36047116800,36047116800,1168,507,146,28.8,367,117,31.9,129,53,41.1
1400000US36047117000,36047117000,1170,384,149,38.8,274,142,51.8,134,73,54.5
1400000US36047117201,36047117201,1172.01,672,170,25.3,442,132,29.9,197,64,32.5
1400000US36047117202,36047117202,1172.02,989,222,22.4,701,201,28.7,307,81,26.4
1400000US36047117400,36047117400,1174,1012,238,23.5,719,215,29.9,339,129,38.1
1400000US36047117601,36047117601,1176.01,648,170,26.2,422,144,34.1,195,87,44.6
1400000US36047117602,36047117602,1176.02,741,165,22.3,493,122,24.7,218,59,27.1
1400000US36047117800,36047117800,1178,393,91,23.2,306,91,29.7,146,50,34.2
1400000US36047118000,36047118000,1180,0,0,0,0,0,0,0,0,0
1400000US36047118201,36047118201,1182.01,674,147,21.8,483,120,24.8,196,32,16.3
1400000US36047118202,36047118202,1182.02,704,112,15.9,483,100,20.7,150,24,16
1400000US36047118400,36047118400,1184,1083,320,29.5,794,277,34.9,333,116,34.8
1400000US36047118600,36047118600,1186,777,210,27,484,173,35.7,220,82,37.3
1400000US36047118800,36047118800,1188,980,414,42.2,709,359,50.6,310,163,52.6
1400000US36047119000,36047119000,1190,475,202,42.5,381,194,50.9,132,74,56.1
1400000US36047119200,36047119200,1192,585,160,27.4,392,133,33.9,174,76,43.7
1400000US36047119400,36047119400,1194,790,255,32.3,520,229,44,171,84,49.1
1400000US36047119600,36047119600,1196,1178,275,23.3,855,250,29.2,390,146,37.4
1400000US36047120000,36047120000,1200,491,83,16.9,235,36,15.3,98,18,18.4
1400000US36047120200,36047120200,1202,442,124,28.1,345,99,28.7,176,42,23.9
1400000US36047120800,36047120800,1208,2108,447,21.2,1501,400,26.6,667,244,36.6
1400000US36047121000,36047121000,1210,977,545,55.8,721,420,58.3,300,210,70
1400000US36047121400,36047121400,1214,1119,615,55,800,476,59.5,294,209,71.1
1400000US36047122000,36047122000,1220,631,188,29.8,417,164,39.3,132,46,34.8